10001,3.00,35Åã 18' 17.094",139Åã 31' 55.899",0,1.00,1417,,,,
10002,3.00,35Åã 18' 19.054",139Åã 31' 56.488",0,2.00,1454,1455,,,
10003,3.00,35Åã 18' 18.897",139Åã 31' 56.902",0,3.00,1417,1418,1454,,
10004,3.00,35Åã 18' 35.052",139Åã 31' 58.565",0,1.00,1001,,,,
10005,3.00,35Åã 18' 35.175",139Åã 31' 58.988",0,2.00,1001,1002,,,
10006,3.00,35Åã 18' 23.728",139Åã 31' 59.138",0,2.00,1455,1456,,,
10007,3.00,35Åã 18' 23.943",139Åã 31' 59.275",0,2.00,1456,1457,,,
10008,3.00,35Åã 18' 24.708",139Åã 31' 59.695",0,2.00,1457,1458,,,
10009,3.00,35Åã 18' 25.545",139Åã 32' 0.038",0,2.00,1458,1459,,,
10010,3.00,35Åã 18' 25.755",139Åã 32' 0.122",0,3.00,1459,1460,1498,,
10011,3.00,35Åã 18' 25.981",139Åã 32' 0.200",0,2.00,1460,1461,,,
10012,3.00,35Åã 18' 24.830",139Åã 32' 0.275",0,2.00,1418,1419,,,
10013,3.00,35Åã 18' 35.490",139Åã 32' 0.316",0,3.00,1002,1003,1181,,
10014,3.00,35Åã 18' 26.585",139Åã 32' 0.369",0,2.00,1461,1462,,,
10015,3.00,35Åã 18' 35.259",139Åã 32' 0.389",0,1.00,1181,,,,
10016,3.00,35Åã 18' 25.624",139Åã 32' 0.612",0,3.00,1419,1420,1498,,
10017,3.00,35Åã 18' 28.731",139Åã 32' 0.857",0,2.00,1462,1463,,,
10018,3.00,35Åã 18' 29.060",139Åã 32' 0.929",0,2.00,1463,1464,,,
10019,3.00,35Åã 18' 30.462",139Åã 32' 1.231",0,2.00,1464,1465,,,
10020,3.00,35Åã 18' 30.872",139Åã 32' 1.408",0,2.00,1465,1466,,,
10021,3.00,35Åã 18' 30.316",139Åã 32' 1.685",0,2.00,1420,1421,,,
10022,3.00,35Åã 18' 31.590",139Åã 32' 1.774",0,2.00,1466,1467,,,
10023,3.00,35Åã 18' 30.823",139Åã 32' 1.876",0,2.00,1421,1422,,,
10024,3.00,35Åã 18' 31.822",139Åã 32' 2.049",0,2.00,1467,1468,,,
10025,3.00,35Åã 18' 35.778",139Åã 32' 2.046",0,2.00,1003,1004,,,
10026,3.00,35Åã 18' 31.563",139Åã 32' 2.447",0,2.00,1422,1423,,,
10027,3.00,35Åã 18' 32.458",139Åã 32' 2.947",0,2.00,1468,1469,,,
10028,3.00,35Åã 18' 32.166",139Åã 32' 3.348",0,2.00,1423,1424,,,
10029,3.00,35Åã 18' 32.659",139Åã 32' 3.486",0,2.00,1469,1470,,,
10030,3.00,35Åã 18' 35.949",139Åã 32' 3.536",0,2.00,1004,1005,,,
10031,3.00,35Åã 18' 32.275",139Åã 32' 3.601",0,2.00,1424,1425,,,
10032,3.00,35Åã 18' 32.963",139Åã 32' 4.504",0,2.00,1470,1471,,,
10033,3.00,35Åã 18' 33.072",139Åã 32' 4.907",0,3.00,1471,1472,1497,,
10034,3.00,35Åã 18' 32.723",139Åã 32' 5.058",0,3.00,1425,1426,1497,,
10035,3.00,35Åã 18' 33.149",139Åã 32' 5.184",0,2.00,1472,1473,,,
10036,3.00,35Åã 18' 59.017",139Åã 32' 5.659",0,2.00,1041,1042,,,
10037,3.00,35Åã 18' 59.330",139Åã 32' 5.747",0,2.00,1042,1043,,,
10038,3.00,35Åã 18' 58.711",139Åã 32' 5.786",0,2.00,1040,1041,,,
10039,3.00,35Åã 18' 51.724",139Åã 32' 5.945",0,2.00,1030,1031,,,
10040,3.00,35Åã 18' 58.173",139Åã 32' 5.931",0,2.00,1039,1040,,,
10041,3.00,35Åã 18' 52.330",139Åã 32' 5.963",0,2.00,1031,1032,,,
10042,3.00,35Åã 18' 59.075",139Åã 32' 5.943",0,2.00,1043,1044,,,
10043,3.00,35Åã 18' 51.402",139Åã 32' 5.974",0,2.00,1029,1030,,,
10044,3.00,35Åã 18' 51.151",139Åã 32' 6.002",0,3.00,1028,1029,1194,,
10045,3.00,35Åã 18' 58.790",139Åã 32' 6.096",0,2.00,1044,1045,,,
10046,3.00,35Åã 18' 50.106",139Åã 32' 6.147",0,2.00,1027,1028,,,
10047,3.00,35Åã 18' 49.936",139Åã 32' 6.173",0,2.00,1026,1027,,,
10048,3.00,35Åã 18' 58.532",139Åã 32' 6.193",0,2.00,1045,1046,,,
10049,3.00,35Åã 18' 53.697",139Åã 32' 6.215",0,2.00,1032,1033,,,
10050,3.00,35Åã 18' 51.781",139Åã 32' 6.247",0,2.00,1053,1054,,,
10051,3.00,35Åã 18' 57.224",139Åã 32' 6.254",0,2.00,1038,1039,,,
10052,3.00,35Åã 18' 52.358",139Åã 32' 6.279",0,2.00,1052,1053,,,
10053,3.00,35Åã 18' 51.178",139Åã 32' 6.315",0,3.00,1054,1055,1194,,
10054,3.00,35Åã 18' 54.584",139Åã 32' 6.415",0,3.00,1033,1034,1195,,
10055,3.00,35Åã 18' 36.270",139Åã 32' 6.504",0,3.00,1005,1006,1182,,
10056,3.00,35Åã 18' 50.072",139Åã 32' 6.458",0,2.00,1055,1056,,,
10057,3.00,35Åã 18' 56.579",139Åã 32' 6.435",0,3.00,1037,1038,1196,,
10058,3.00,35Åã 18' 49.845",139Åã 32' 6.486",0,2.00,1056,1057,,,
10059,3.00,35Åã 18' 36.045",139Åã 32' 6.548",0,2.00,1182,1183,,,
10060,3.00,35Åã 18' 36.280",139Åã 32' 6.572",0,2.00,1006,1007,,,
10061,3.00,35Åã 18' 36.363",139Åã 32' 6.576",0,2.00,1007,1008,,,
10062,3.00,35Åã 18' 56.187",139Åã 32' 6.514",0,2.00,1036,1037,,,
10063,3.00,35Åã 18' 47.235",139Åã 32' 6.554",0,2.00,1025,1026,,,
10064,3.00,35Åã 18' 55.347",139Åã 32' 6.550",0,2.00,1034,1035,,,
10065,3.00,35Åã 18' 55.852",139Åã 32' 6.556",0,2.00,1035,1036,,,
10066,3.00,35Åã 18' 46.957",139Åã 32' 6.595",0,3.00,1024,1025,1193,,
10067,3.00,35Åã 18' 35.942",139Åã 32' 6.747",0,2.00,1183,1184,,,
10068,3.00,35Åã 18' 54.358",139Åã 32' 6.676",0,2.00,1051,1052,,,
10069,3.00,35Åã 18' 46.197",139Åã 32' 6.714",0,2.00,1023,1024,,,
10070,3.00,35Åã 18' 54.538",139Åã 32' 6.715",0,3.00,1050,1051,1195,,
10071,3.00,35Åã 18' 56.626",139Åã 32' 6.713",0,3.00,1046,1047,1196,,
10072,3.00,35Åã 18' 45.930",139Åã 32' 6.778",0,2.00,1022,1023,,,
10073,3.00,35Åã 18' 45.801",139Åã 32' 6.824",0,3.00,1021,1022,1191,,
10074,3.00,35Åã 18' 36.393",139Åã 32' 6.862",0,2.00,1008,1009,,,
10075,3.00,35Åã 18' 47.243",139Åã 32' 6.855",0,2.00,1057,1058,,,
10076,3.00,35Åã 18' 56.161",139Åã 32' 6.843",0,2.00,1047,1048,,,
10077,3.00,35Åã 18' 36.317",139Åã 32' 6.952",0,2.00,1009,1010,,,
10078,3.00,35Åã 18' 55.987",139Åã 32' 6.893",0,2.00,1048,1049,,,
10079,3.00,35Åã 18' 55.636",139Åã 32' 6.931",0,2.00,1049,1050,,,
10080,3.00,35Åã 18' 35.975",139Åã 32' 6.985",0,2.00,1184,1185,,,
10081,3.00,35Åã 18' 36.327",139Åã 32' 7.049",0,3.00,1010,1011,1186,,
10082,3.00,35Åã 18' 47.004",139Åã 32' 7.028",0,3.00,1058,1059,1193,,
10083,3.00,35Åã 18' 36.098",139Åã 32' 7.097",0,2.00,1185,1186,,,
10084,3.00,35Åã 18' 45.881",139Åã 32' 7.120",0,3.00,1101,1102,1191,,
10085,3.00,35Åã 18' 33.742",139Åã 32' 7.297",0,3.00,1473,1474,1496,,
10086,3.00,35Åã 18' 46.072",139Åã 32' 7.254",0,2.00,1102,1103,,,
10087,3.00,35Åã 18' 33.348",139Åã 32' 7.416",0,3.00,1426,1427,1496,,
10088,3.00,35Åã 18' 43.956",139Åã 32' 7.444",0,2.00,1020,1021,,,
10089,3.00,35Åã 18' 46.615",139Åã 32' 7.438",0,2.00,1059,1060,,,
10090,3.00,35Åã 18' 43.762",139Åã 32' 7.505",0,2.00,1019,1020,,,
10091,3.00,35Åã 18' 33.875",139Åã 32' 7.785",0,2.00,1474,1475,,,
10092,3.00,35Åã 18' 46.431",139Åã 32' 7.768",0,3.00,1060,1061,1192,,
10093,3.00,35Åã 18' 43.798",139Åã 32' 7.811",0,2.00,1100,1101,,,
10094,3.00,35Åã 18' 46.137",139Åã 32' 7.826",0,3.00,1103,1104,1192,,
10095,3.00,35Åã 18' 33.487",139Åã 32' 7.928",0,2.00,1427,1428,,,
10096,3.00,35Åã 18' 40.823",139Åã 32' 8.492",0,3.00,1018,1019,1190,,
10097,3.00,35Åã 18' 40.253",139Åã 32' 8.681",0,2.00,1017,1018,,,
10098,3.00,35Åã 18' 39.993",139Åã 32' 8.750",0,2.00,1016,1017,,,
10099,3.00,35Åã 18' 40.899",139Åã 32' 8.785",0,3.00,1099,1100,1190,,
10100,3.00,35Åã 18' 40.437",139Åã 32' 8.938",0,2.00,1098,1099,,,
10101,3.00,35Åã 18' 40.343",139Åã 32' 8.975",0,2.00,1097,1098,,,
10102,3.00,35Åã 18' 40.178",139Åã 32' 9.019",0,2.00,1096,1097,,,
10103,3.00,35Åã 18' 40.013",139Åã 32' 9.063",0,2.00,1095,1096,,,
10104,3.00,35Åã 18' 36.550",139Åã 32' 9.148",0,3.00,1011,1012,1187,,
10105,3.00,35Åã 18' 38.258",139Åã 32' 9.168",0,2.00,1015,1016,,,
10106,3.00,35Åã 18' 36.314",139Åã 32' 9.195",0,1.00,1187,,,,
10107,3.00,35Åã 18' 37.942",139Åã 32' 9.242",0,2.00,1014,1015,,,
10108,3.00,35Åã 18' 36.763",139Åã 32' 9.352",0,3.00,1012,1013,1189,,
10109,3.00,35Åã 18' 36.831",139Åã 32' 9.416",0,2.00,1013,1014,,,
10110,3.00,35Åã 18' 46.332",139Åã 32' 9.479",0,2.00,1104,1105,,,
10111,3.00,35Åã 18' 38.101",139Åã 32' 9.524",0,2.00,1094,1095,,,
10112,3.00,35Åã 18' 46.356",139Åã 32' 9.668",0,2.00,1105,1106,,,
10113,3.00,35Åã 18' 36.791",139Åã 32' 9.728",0,3.00,1093,1094,1189,,
10114,3.00,35Åã 18' 36.624",139Åã 32' 9.754",0,2.00,1092,1093,,,
10115,3.00,35Åã 18' 46.660",139Åã 32' 9.767",0,2.00,1061,1062,,,
10116,3.00,35Åã 18' 36.568",139Åã 32' 9.810",0,2.00,1091,1092,,,
10117,3.00,35Åã 18' 36.552",139Åã 32' 9.871",0,3.00,1090,1091,1188,,
10118,3.00,35Åã 18' 36.384",139Åã 32' 9.893",0,1.00,1188,,,,
10119,3.00,35Åã 18' 46.674",139Åã 32' 9.895",0,2.00,1062,1063,,,
10120,3.00,35Åã 18' 34.595",139Åã 32' 10.274",0,2.00,1475,1476,,,
10121,3.00,35Åã 18' 34.194",139Åã 32' 10.456",0,2.00,1428,1429,,,
10122,3.00,35Åã 18' 34.997",139Åã 32' 11.442",0,2.00,1476,1477,,,
10123,3.00,35Åã 18' 36.584",139Åã 32' 11.508",0,2.00,1089,1090,,,
10124,3.00,35Åã 18' 34.577",139Åã 32' 11.525",0,2.00,1429,1430,,,
10125,3.00,35Åã 18' 34.671",139Åã 32' 11.777",0,2.00,1430,1431,,,
10126,3.00,35Åã 18' 47.076",139Åã 32' 13.401",0,3.00,1063,1064,1197,,
10127,3.00,35Åã 18' 46.795",139Åã 32' 13.484",0,3.00,1106,1107,1197,,
10128,3.00,35Åã 18' 47.086",139Åã 32' 13.493",0,2.00,1064,1065,,,
10129,3.00,35Åã 18' 46.819",139Åã 32' 13.688",0,2.00,1107,1108,,,
10130,3.00,35Åã 18' 47.122",139Åã 32' 13.735",0,2.00,1065,1066,,,
10131,3.00,35Åã 18' 36.022",139Åã 32' 14.079",0,2.00,1477,1478,,,
10132,3.00,35Åã 18' 36.500",139Åã 32' 14.095",0,2.00,1088,1089,,,
10133,3.00,35Åã 18' 35.607",139Åã 32' 14.132",0,2.00,1431,1432,,,
10134,3.00,35Åã 18' 35.733",139Åã 32' 14.441",0,2.00,1432,1433,,,
10135,3.00,35Åã 18' 36.519",139Åã 32' 14.626",0,3.00,1088,1478,1479,,
10136,3.00,35Åã 18' 47.071",139Åã 32' 15.773",0,2.00,1108,1109,,,
10137,3.00,35Åã 18' 47.370",139Åã 32' 15.782",0,2.00,1066,1067,,,
10138,3.00,35Åã 18' 36.318",139Åã 32' 15.932",0,2.00,1433,1434,,,
10139,3.00,35Åã 18' 47.103",139Åã 32' 16.025",0,2.00,1109,1110,,,
10140,3.00,35Åã 18' 36.813",139Åã 32' 16.267",0,2.00,1479,1480,,,
10141,3.00,35Åã 18' 36.457",139Åã 32' 16.540",0,2.00,1434,1435,,,
10142,3.00,35Åã 18' 47.573",139Åã 32' 16.979",0,2.00,1067,1068,,,
10143,3.00,35Åã 18' 47.348",139Åã 32' 17.466",0,2.00,1110,1111,,,
10144,3.00,35Åã 18' 47.768",139Åã 32' 17.957",0,2.00,1068,1069,,,
10145,3.00,35Åã 18' 37.139",139Åã 32' 18.120",0,2.00,1480,1481,,,
10146,3.00,35Åã 18' 47.798",139Åã 32' 18.099",0,2.00,1069,1070,,,
10147,3.00,35Åã 18' 37.191",139Åã 32' 18.425",0,2.00,1481,1482,,,
10148,3.00,35Åã 18' 47.614",139Åã 32' 18.580",0,2.00,1111,1112,,,
10149,3.00,35Åã 18' 47.651",139Åã 32' 18.769",0,2.00,1112,1113,,,
10150,3.00,35Åã 18' 49.051",139Åã 32' 19.041",0,2.00,1073,1074,,,
10151,3.00,35Åã 18' 49.322",139Åã 32' 19.106",0,2.00,1074,1075,,,
10152,3.00,35Åã 18' 48.083",139Åã 32' 19.136",0,4.00,1070,1071,1180,1198,
10153,3.00,35Åã 18' 48.610",139Åã 32' 19.151",0,2.00,1072,1073,,,
10154,3.00,35Åã 18' 48.119",139Åã 32' 19.154",0,2.00,1071,1072,,,
10155,3.00,35Åã 18' 36.908",139Åã 32' 19.229",0,2.00,1435,1436,,,
10156,3.00,35Åã 18' 47.780",139Åã 32' 19.242",0,3.00,1113,1114,1198,,
10157,3.00,35Åã 18' 37.328",139Åã 32' 19.364",0,2.00,1482,1483,,,
10158,3.00,35Åã 18' 50.264",139Åã 32' 19.333",0,2.00,1075,1076,,,
10159,3.00,35Åã 18' 47.819",139Åã 32' 19.383",0,2.00,1114,1115,,,
10160,3.00,35Åã 18' 48.163",139Åã 32' 19.422",0,2.00,1179,1180,,,
10161,3.00,35Åã 18' 50.733",139Åã 32' 19.488",0,2.00,1076,1077,,,
10162,3.00,35Åã 18' 50.821",139Åã 32' 19.557",0,2.00,1077,1078,,,
10163,3.00,35Åã 18' 48.209",139Åã 32' 19.579",0,3.00,1178,1179,1199,,
10164,3.00,35Åã 18' 51.125",139Åã 32' 19.606",0,2.00,1078,1079,,,
10165,3.00,35Åã 18' 47.881",139Åã 32' 19.635",0,3.00,1115,1116,1160,,
10166,3.00,35Åã 18' 51.461",139Åã 32' 19.684",0,2.00,1079,1080,,,
10167,3.00,35Åã 18' 52.143",139Åã 32' 19.717",0,2.00,1081,1082,,,
10168,3.00,35Åã 18' 51.720",139Åã 32' 19.727",0,2.00,1080,1081,,,
10169,3.00,35Åã 18' 47.963",139Åã 32' 19.897",0,3.00,1116,1117,1199,,
10170,3.00,35Åã 18' 52.390",139Åã 32' 19.906",0,2.00,1082,1083,,,
10171,3.00,35Åã 18' 37.321",139Åã 32' 20.170",0,3.00,1483,1484,1495,,
10172,3.00,35Åã 18' 36.910",139Åã 32' 20.210",0,3.00,1436,1437,1495,,
10173,3.00,35Åã 18' 36.866",139Åã 32' 20.479",0,3.00,1437,1438,1494,,
10174,3.00,35Åã 18' 52.465",139Åã 32' 20.426",0,2.00,1083,1084,,,
10175,3.00,35Åã 18' 37.794",139Åã 32' 20.622",0,2.00,1156,1930,,,
10176,3.00,35Åã 18' 37.660",139Åã 32' 20.636",0,2.00,1930,1931,,,
10177,3.00,35Åã 18' 37.231",139Åã 32' 20.677",0,4.00,1484,1485,1494,1931,
10178,3.00,35Åã 18' 48.504",139Åã 32' 20.688",0,2.00,1177,1178,,,
10179,3.00,35Åã 18' 52.814",139Åã 32' 21.086",0,2.00,1084,1085,,,
10180,3.00,35Åã 18' 48.317",139Åã 32' 21.133",0,2.00,1117,1118,,,
10181,3.00,35Åã 18' 48.758",139Åã 32' 21.710",0,2.00,1176,1177,,,
10182,3.00,35Åã 18' 48.490",139Åã 32' 21.902",0,2.00,1118,1119,,,
10183,3.00,35Åã 18' 53.144",139Åã 32' 22.085",0,2.00,1085,1086,,,
10184,3.00,35Åã 18' 53.425",139Åã 32' 22.234",0,2.00,1086,1087,,,
10185,3.00,35Åã 18' 53.663",139Åã 32' 22.285",0,1.00,1087,,,,
10186,3.00,35Åã 18' 48.898",139Åã 32' 22.346",0,2.00,1175,1176,,,
10187,3.00,35Åã 18' 38.710",139Åã 32' 22.382",0,2.00,1155,1156,,,
10188,3.00,35Åã 18' 36.142",139Åã 32' 23.251",0,2.00,1438,1439,,,
10189,3.00,35Åã 18' 36.083",139Åã 32' 23.470",0,2.00,1439,1440,,,
10190,3.00,35Åã 18' 49.207",139Åã 32' 24.164",0,2.00,1174,1175,,,
10191,3.00,35Åã 18' 48.898",139Åã 32' 24.172",0,2.00,1119,1120,,,
10192,3.00,35Åã 18' 39.544",139Åã 32' 24.398",0,2.00,1154,1155,,,
10193,3.00,35Åã 18' 36.218",139Åã 32' 24.590",0,2.00,1485,1486,,,
10194,3.00,35Åã 18' 35.763",139Åã 32' 24.789",0,2.00,1440,1441,,,
10195,3.00,35Åã 18' 36.151",139Åã 32' 24.950",0,2.00,1486,1487,,,
10196,3.00,35Åã 18' 49.153",139Åã 32' 25.671",0,2.00,1120,1121,,,
10197,3.00,35Åã 18' 35.998",139Åã 32' 25.768",0,2.00,1487,1488,,,
10198,3.00,35Åã 18' 40.332",139Åã 32' 26.011",0,2.00,1153,1154,,,
10199,3.00,35Åã 18' 35.519",139Åã 32' 26.206",0,2.00,1441,1442,,,
10200,3.00,35Åã 18' 40.508",139Åã 32' 26.306",0,2.00,1152,1153,,,
10201,3.00,35Åã 18' 35.852",139Åã 32' 26.787",0,2.00,1488,1489,,,
10202,3.00,35Åã 18' 40.946",139Åã 32' 26.836",0,2.00,1151,1152,,,
10203,3.00,35Åã 18' 49.638",139Åã 32' 26.846",0,2.00,1173,1174,,,
10204,3.00,35Åã 18' 49.354",139Åã 32' 26.950",0,2.00,1121,1122,,,
10205,3.00,35Åã 18' 41.180",139Åã 32' 27.092",0,2.00,1150,1151,,,
10206,3.00,35Åã 18' 45.938",139Åã 32' 27.509",0,2.00,1159,1160,,,
10207,3.00,35Åã 18' 41.680",139Åã 32' 27.643",0,2.00,1149,1150,,,
10208,3.00,35Åã 18' 49.752",139Åã 32' 27.638",0,2.00,1172,1173,,,
10209,3.00,35Åã 18' 49.459",139Åã 32' 27.728",0,2.00,1122,1123,,,
10210,3.00,35Åã 18' 45.824",139Åã 32' 27.981",0,2.00,1158,1159,,,
10211,3.00,35Åã 18' 49.803",139Åã 32' 28.212",0,3.00,1171,1172,1200,,
10212,3.00,35Åã 18' 49.513",139Åã 32' 28.254",0,3.00,1123,1124,1200,,
10213,3.00,35Åã 18' 35.199",139Åã 32' 28.593",0,2.00,1442,1443,,,
10214,3.00,35Åã 18' 35.600",139Åã 32' 28.653",0,2.00,1489,1490,,,
10215,3.00,35Åã 18' 35.172",139Åã 32' 28.813",0,4.00,1443,1444,1450,1493,
10216,3.00,35Åã 18' 35.572",139Åã 32' 28.873",0,3.00,1490,1491,1493,,
10217,3.00,35Åã 18' 49.560",139Åã 32' 28.920",0,2.00,1124,1125,,,
10218,3.00,35Åã 18' 49.864",139Åã 32' 29.030",0,2.00,1170,1171,,,
10219,3.00,35Åã 18' 35.050",139Åã 32' 29.190",0,2.00,1450,1451,,,
10220,3.00,35Åã 18' 35.168",139Åã 32' 29.215",0,2.00,1444,1445,,,
10221,3.00,35Åã 18' 35.078",139Åã 32' 29.522",0,3.00,1445,1446,1451,,
10222,3.00,35Åã 18' 43.686",139Åã 32' 29.521",0,2.00,1148,1149,,,
10223,3.00,35Åã 18' 43.860",139Åã 32' 29.632",0,2.00,1147,1148,,,
10224,3.00,35Åã 18' 44.806",139Åã 32' 29.642",0,2.00,1144,1145,,,
10225,3.00,35Åã 18' 44.587",139Åã 32' 29.643",0,2.00,1145,1146,,,
10226,3.00,35Åã 18' 44.974",139Åã 32' 29.678",0,2.00,1143,1144,,,
10227,3.00,35Åã 18' 43.958",139Åã 32' 29.686",0,2.00,1146,1147,,,
10228,3.00,35Åã 18' 45.223",139Åã 32' 29.890",0,2.00,1142,1143,,,
10229,3.00,35Åã 18' 49.598",139Åã 32' 29.952",0,2.00,1125,1126,,,
10230,3.00,35Åã 18' 49.890",139Åã 32' 29.997",0,2.00,1169,1170,,,
10231,3.00,35Åã 18' 45.301",139Åã 32' 30.088",0,4.00,1141,1142,1157,1158,
10232,3.00,35Åã 18' 49.636",139Åã 32' 31.010",0,2.00,1126,1127,,,
10233,3.00,35Åã 18' 49.639",139Åã 32' 31.157",0,2.00,1127,1128,,,
10234,3.00,35Åã 18' 46.198",139Åã 32' 31.581",0,2.00,1140,1141,,,
10235,3.00,35Åã 18' 34.765",139Åã 32' 31.771",0,3.00,1446,1447,1452,,
10236,3.00,35Åã 18' 34.657",139Åã 32' 32.033",0,2.00,1452,1453,,,
10237,3.00,35Åã 18' 34.773",139Åã 32' 32.072",0,2.00,1447,1448,,,
10238,3.00,35Åã 18' 34.689",139Åã 32' 32.272",0,3.00,1448,1449,1453,,
10239,3.00,35Åã 18' 46.881",139Åã 32' 32.662",0,2.00,1139,1140,,,
10240,3.00,35Åã 18' 34.583",139Åã 32' 33.066",0,3.00,1449,1492,1499,,
10241,3.00,35Åã 18' 47.190",139Åã 32' 33.085",0,2.00,1138,1139,,,
10242,3.00,35Åã 18' 34.997",139Åã 32' 33.134",0,3.00,1491,1492,1514,,
10243,3.00,35Åã 18' 50.019",139Åã 32' 33.198",0,2.00,1168,1169,,,
10244,3.00,35Åã 18' 49.728",139Åã 32' 33.350",0,2.00,1128,1129,,,
10245,3.00,35Åã 18' 35.202",139Åã 32' 33.430",0,3.00,1514,1515,1562,,
10246,3.00,35Åã 18' 50.030",139Åã 32' 33.409",0,2.00,1167,1168,,,
10247,3.00,35Åã 18' 35.125",139Åã 32' 33.926",0,3.00,1515,1516,1573,,
10248,3.00,35Åã 18' 34.446",139Åã 32' 34.057",0,3.00,1499,1500,1561,,
10249,3.00,35Åã 18' 34.879",139Åã 32' 34.143",0,3.00,1516,1517,1561,,
10250,3.00,35Åã 18' 37.233",139Åã 32' 34.493",0,3.00,1562,1563,1574,,
10251,3.00,35Åã 18' 37.698",139Åã 32' 34.734",0,3.00,1563,1564,1575,,
10252,3.00,35Åã 18' 37.094",139Åã 32' 34.928",0,3.00,1572,1573,1574,,
10253,3.00,35Åã 18' 48.239",139Åã 32' 34.973",0,2.00,1137,1138,,,
10254,3.00,35Åã 18' 50.096",139Åã 32' 34.987",0,2.00,1166,1167,,,
10255,3.00,35Åã 18' 37.326",139Åã 32' 35.065",0,3.00,1571,1572,1576,,
10256,3.00,35Åã 18' 37.559",139Åã 32' 35.169",0,3.00,1570,1571,1575,,
10257,3.00,35Åã 18' 48.577",139Åã 32' 35.512",0,2.00,1136,1137,,,
10258,3.00,35Åã 18' 34.668",139Åã 32' 35.772",0,2.00,1517,1518,,,
10259,3.00,35Åã 18' 50.146",139Åã 32' 35.810",0,2.00,1165,1166,,,
10260,3.00,35Åã 18' 49.830",139Åã 32' 35.920",0,2.00,1129,1130,,,
10261,3.00,35Åã 18' 48.818",139Åã 32' 36.012",0,2.00,1135,1136,,,
10262,3.00,35Åã 18' 49.013",139Åã 32' 36.489",0,2.00,1134,1135,,,
10263,3.00,35Åã 18' 50.210",139Åã 32' 36.492",0,2.00,1164,1165,,,
10264,3.00,35Åã 18' 40.472",139Åã 32' 36.664",0,2.00,1569,1570,,,
10265,3.00,35Åã 18' 41.087",139Åã 32' 36.991",0,2.00,1568,1569,,,
10266,3.00,35Åã 18' 50.309",139Åã 32' 37.190",0,2.00,1163,1164,,,
10267,3.00,35Åã 18' 33.984",139Åã 32' 37.341",0,2.00,1500,1501,,,
10268,3.00,35Åã 18' 49.469",139Åã 32' 37.406",0,2.00,1133,1134,,,
10269,3.00,35Åã 18' 50.352",139Åã 32' 37.425",0,2.00,1162,1163,,,
10270,3.00,35Åã 18' 43.218",139Åã 32' 37.571",0,3.00,1564,1565,1929,,
10271,3.00,35Åã 18' 43.381",139Åã 32' 37.651",0,3.00,1157,1565,1566,,
10272,3.00,35Åã 18' 49.785",139Åã 32' 37.784",0,2.00,1132,1133,,,
10273,3.00,35Åã 18' 50.434",139Åã 32' 37.852",0,3.00,1161,1162,1201,,
10274,3.00,35Åã 18' 50.074",139Åã 32' 37.920",0,3.00,1130,1131,1201,,
10275,3.00,35Åã 18' 43.077",139Åã 32' 38.022",0,3.00,1567,1568,1929,,
10276,3.00,35Åã 18' 33.884",139Åã 32' 38.059",0,2.00,1501,1502,,,
10277,3.00,35Åã 18' 50.468",139Åã 32' 38.057",0,2.00,1161,1754,,,
10278,3.00,35Åã 18' 43.255",139Åã 32' 38.099",0,3.00,1566,1567,1582,,
10279,3.00,35Åã 18' 50.081",139Åã 32' 38.100",0,3.00,1131,1132,1769,,
10280,3.00,35Åã 18' 34.801",139Åã 32' 38.268",0,2.00,1518,1519,,,
10281,3.00,35Åã 18' 50.093",139Åã 32' 38.219",0,2.00,1769,1770,,,
10282,3.00,35Åã 18' 36.858",139Åã 32' 38.727",0,2.00,1576,1577,,,
10283,3.00,35Åã 18' 50.282",139Åã 32' 38.754",0,2.00,1770,1771,,,
10284,3.00,35Åã 18' 50.658",139Åã 32' 38.985",0,2.00,1754,1755,,,
10285,3.00,35Åã 18' 50.467",139Åã 32' 39.410",0,2.00,1771,1772,,,
10286,3.00,35Åã 18' 34.866",139Åã 32' 40.245",0,2.00,1519,1520,,,
10287,3.00,35Åã 18' 40.695",139Åã 32' 40.493",0,2.00,1577,1578,,,
10288,3.00,35Åã 18' 51.327",139Åã 32' 40.964",0,2.00,1755,1756,,,
10289,3.00,35Åã 18' 42.285",139Åã 32' 41.211",0,2.00,1578,1579,,,
10290,3.00,35Åã 18' 42.437",139Åã 32' 41.272",0,4.00,1579,1580,1938,1939,
10291,3.00,35Åã 18' 42.606",139Åã 32' 41.347",0,2.00,1580,1581,,,
10292,3.00,35Åã 18' 34.649",139Åã 32' 41.543",0,2.00,1520,1521,,,
10293,3.00,35Åã 18' 34.436",139Åã 32' 41.792",0,2.00,1521,1522,,,
10294,3.00,35Åã 18' 33.966",139Åã 32' 41.830",0,2.00,1522,1523,,,
10295,3.00,35Åã 18' 44.277",139Åã 32' 42.110",0,2.00,1581,1764,,,
10296,3.00,35Åã 18' 51.934",139Åã 32' 42.685",0,2.00,1756,1757,,,
10297,3.00,35Åã 18' 33.236",139Åã 32' 42.817",0,3.00,1502,1503,1560,,
10298,3.00,35Åã 18' 51.658",139Åã 32' 42.845",0,2.00,1772,1773,,,
10299,3.00,35Åã 18' 45.936",139Åã 32' 42.910",0,2.00,1764,1765,,,
10300,3.00,35Åã 18' 33.874",139Åã 32' 42.971",0,3.00,1523,1524,1560,,
10301,3.00,35Åã 18' 52.130",139Åã 32' 43.140",0,2.00,1757,1758,,,
10302,3.00,35Åã 18' 51.865",139Åã 32' 43.313",0,2.00,1773,1774,,,
10303,3.00,35Åã 18' 52.278",139Åã 32' 43.415",0,2.00,1758,1759,,,
10304,3.00,35Åã 18' 32.908",139Åã 32' 43.726",0,3.00,1503,1504,1559,,
10305,3.00,35Åã 18' 34.078",139Åã 32' 43.822",0,3.00,1524,1525,1586,,
10306,3.00,35Åã 18' 47.963",139Åã 32' 43.821",0,2.00,1765,1766,,,
10307,3.00,35Åã 18' 52.536",139Åã 32' 43.816",0,2.00,1759,1760,,,
10308,3.00,35Åã 18' 52.165",139Åã 32' 43.823",0,2.00,1774,1775,,,
10309,3.00,35Åã 18' 32.715",139Åã 32' 44.082",0,2.00,1504,1505,,,
10310,3.00,35Åã 18' 33.261",139Åã 32' 44.207",0,3.00,1526,1527,1559,,
10311,3.00,35Åã 18' 33.667",139Åã 32' 44.263",0,3.00,1525,1526,1596,,
10312,3.00,35Åã 19' 1.447",139Åã 32' 44.176",0,2.00,1691,1692,,,
10313,3.00,35Åã 19' 1.913",139Åã 32' 44.298",0,2.00,1692,1693,,,
10314,3.00,35Åã 19' 1.402",139Åã 32' 44.313",0,2.00,1690,1691,,,
10315,3.00,35Åã 18' 33.006",139Åã 32' 44.449",0,2.00,1527,1528,,,
10316,3.00,35Åã 19' 3.001",139Åã 32' 44.447",0,2.00,1693,1694,,,
10317,3.00,35Åã 18' 49.601",139Åã 32' 44.574",0,2.00,1766,1767,,,
10318,3.00,35Åã 18' 49.827",139Åã 32' 44.678",0,2.00,1767,1768,,,
10319,3.00,35Åã 18' 31.868",139Åã 32' 45.171",0,2.00,1505,1506,,,
10320,3.00,35Åã 18' 41.459",139Åã 32' 45.278",0,2.00,1583,1584,,,
10321,3.00,35Åã 19' 3.523",139Åã 32' 45.362",0,2.00,1694,1695,,,
10322,3.00,35Åã 18' 32.186",139Åã 32' 45.510",0,2.00,1528,1529,,,
10323,3.00,35Åã 18' 35.411",139Åã 32' 45.525",0,2.00,1586,1587,,,
10324,3.00,35Åã 19' 11.038",139Åã 32' 45.856",0,1.00,1202,,,,
10325,3.00,35Åã 18' 54.020",139Åã 32' 45.934",0,3.00,1760,1761,1941,,
10326,3.00,35Åã 19' 11.315",139Åã 32' 45.907",0,1.00,1280,,,,
10327,3.00,35Åã 19' 0.838",139Åã 32' 46.078",0,2.00,1689,1690,,,
10328,3.00,35Åã 18' 53.816",139Åã 32' 46.237",0,4.00,1776,1779,1940,1941,
10329,3.00,35Åã 18' 40.879",139Åã 32' 46.388",0,2.00,1584,1585,,,
10330,3.00,35Åã 18' 53.783",139Åã 32' 46.362",0,2.00,1779,1780,,,
10331,3.00,35Åã 18' 36.227",139Åã 32' 46.510",0,2.00,1587,1588,,,
10332,3.00,35Åã 18' 53.754",139Åã 32' 46.479",0,3.00,1768,1780,1781,,
10333,3.00,35Åã 18' 30.810",139Åã 32' 46.565",0,2.00,1506,1507,,,
10334,3.00,35Åã 19' 0.698",139Åã 32' 46.559",0,2.00,1688,1689,,,
10335,3.00,35Åã 18' 53.727",139Åã 32' 46.584",0,2.00,1781,1782,,,
10336,3.00,35Åã 18' 53.804",139Åã 32' 46.614",0,3.00,1782,1783,1786,,
10337,3.00,35Åã 18' 53.895",139Åã 32' 46.641",0,2.00,1783,1784,,,
10338,3.00,35Åã 19' 10.928",139Åã 32' 46.624",0,2.00,1202,1203,,,
10339,3.00,35Åã 18' 53.970",139Åã 32' 46.694",0,2.00,1784,1785,,,
10340,3.00,35Åã 18' 54.213",139Åã 32' 46.779",0,3.00,1776,1777,1785,,
10341,3.00,35Åã 18' 54.634",139Åã 32' 46.822",0,2.00,1761,1762,,,
10342,3.00,35Åã 18' 35.856",139Åã 32' 47.011",0,2.00,1595,1596,,,
10343,3.00,35Åã 18' 54.753",139Åã 32' 46.960",0,2.00,1762,1763,,,
10344,3.00,35Åã 18' 30.977",139Åã 32' 47.047",0,2.00,1529,1530,,,
10345,3.00,35Åã 18' 54.881",139Åã 32' 46.970",0,3.00,1638,1639,1763,,
10346,3.00,35Åã 19' 3.273",139Åã 32' 47.104",0,2.00,1695,1696,,,
10347,3.00,35Åã 18' 31.055",139Åã 32' 47.309",0,2.00,1530,1531,,,
10348,3.00,35Åã 19' 10.855",139Åã 32' 47.168",0,2.00,1203,1204,,,
10349,3.00,35Åã 18' 54.561",139Åã 32' 47.291",0,3.00,1638,1777,1778,,
10350,3.00,35Åã 19' 3.320",139Åã 32' 47.344",0,2.00,1696,1697,,,
10351,3.00,35Åã 18' 55.357",139Åã 32' 47.455",0,2.00,1668,1669,,,
10352,3.00,35Åã 18' 55.595",139Åã 32' 47.486",0,2.00,1669,1670,,,
10353,3.00,35Åã 18' 56.069",139Åã 32' 47.485",0,2.00,1671,1672,,,
10354,3.00,35Åã 18' 37.542",139Åã 32' 47.557",0,2.00,1588,1589,,,
10355,3.00,35Åã 18' 55.267",139Åã 32' 47.504",0,3.00,1639,1640,1668,,
10356,3.00,35Åã 18' 55.256",139Åã 32' 47.609",0,2.00,1640,1641,,,
10357,3.00,35Åã 18' 56.017",139Åã 32' 47.608",0,2.00,1670,1671,,,
10358,3.00,35Åã 19' 3.506",139Åã 32' 47.598",0,2.00,1697,1698,,,
10359,3.00,35Åã 18' 37.741",139Åã 32' 47.704",0,2.00,1589,1590,,,
10360,3.00,35Åã 18' 55.304",139Åã 32' 47.709",0,3.00,1616,1641,1642,,
10361,3.00,35Åã 18' 55.037",139Åã 32' 47.967",0,3.00,1616,1617,1778,,
10362,3.00,35Åã 19' 0.462",139Åã 32' 47.969",0,2.00,1687,1688,,,
10363,3.00,35Åã 19' 3.698",139Åã 32' 48.046",0,2.00,1698,1699,,,
10364,3.00,35Åã 18' 30.038",139Åã 32' 48.286",0,2.00,1531,1532,,,
10365,3.00,35Åã 19' 3.731",139Åã 32' 48.383",0,2.00,1699,1700,,,
10366,3.00,35Åã 18' 29.255",139Åã 32' 48.599",0,2.00,1507,1508,,,
10367,3.00,35Åã 18' 39.202",139Åã 32' 48.883",0,3.00,1590,1591,1603,,
10368,3.00,35Åã 18' 29.588",139Åã 32' 48.997",0,2.00,1532,1533,,,
10369,3.00,35Åã 18' 56.056",139Åã 32' 48.907",0,2.00,1642,1643,,,
10370,3.00,35Åã 18' 39.399",139Åã 32' 49.010",0,3.00,1585,1591,1592,,
10371,3.00,35Åã 18' 55.730",139Åã 32' 48.996",0,2.00,1617,1618,,,
10372,3.00,35Åã 19' 10.594",139Åã 32' 49.029",0,3.00,1204,1205,1933,,
10373,3.00,35Åã 19' 0.364",139Åã 32' 49.105",0,2.00,1686,1687,,,
10374,3.00,35Åã 19' 10.860",139Åã 32' 49.091",0,3.00,1280,1281,1933,,
10375,3.00,35Åã 18' 39.627",139Åã 32' 49.209",0,3.00,1592,1593,1799,,
10376,3.00,35Åã 18' 56.263",139Åã 32' 49.302",0,2.00,1643,1644,,,
10377,3.00,35Åã 18' 29.343",139Åã 32' 49.438",0,2.00,1533,1534,,,
10378,3.00,35Åã 18' 38.894",139Åã 32' 49.407",0,4.00,1594,1595,1603,1828,
10379,3.00,35Åã 18' 29.130",139Åã 32' 49.444",0,2.00,1534,1535,,,
10380,3.00,35Åã 18' 55.956",139Åã 32' 49.396",0,2.00,1618,1619,,,
10381,3.00,35Åã 18' 38.786",139Åã 32' 49.642",0,2.00,1828,1829,,,
10382,3.00,35Åã 19' 9.963",139Åã 32' 49.559",0,1.00,1208,,,,
10383,3.00,35Åã 18' 39.334",139Åã 32' 49.708",0,4.00,1593,1594,1604,1805,
10384,3.00,35Åã 19' 10.211",139Åã 32' 49.615",0,2.00,1208,1209,,,
10385,3.00,35Åã 18' 39.117",139Åã 32' 49.736",0,2.00,1604,1605,,,
10386,3.00,35Åã 19' 0.053",139Åã 32' 49.713",0,2.00,1673,1674,,,
10387,3.00,35Åã 19' 10.498",139Åã 32' 49.683",0,3.00,1205,1206,1934,,
10388,3.00,35Åã 19' 3.642",139Åã 32' 49.711",0,2.00,1700,1701,,,
10389,3.00,35Åã 19' 10.770",139Åã 32' 49.759",0,3.00,1281,1282,1934,,
10390,3.00,35Åã 19' 0.213",139Åã 32' 49.811",0,4.00,1674,1675,1685,1686,
10391,3.00,35Åã 19' 0.017",139Åã 32' 49.827",0,3.00,1672,1673,1683,,
10392,3.00,35Åã 18' 38.912",139Åã 32' 49.972",0,2.00,1605,1606,,,
10393,3.00,35Åã 18' 59.977",139Åã 32' 49.959",0,2.00,1683,1684,,,
10394,3.00,35Åã 18' 56.249",139Åã 32' 50.039",0,2.00,1619,1620,,,
10395,3.00,35Åã 19' 10.728",139Åã 32' 50.016",0,2.00,1282,1283,,,
10396,3.00,35Åã 18' 56.604",139Åã 32' 50.092",0,2.00,1644,1645,,,
10397,3.00,35Åã 19' 0.156",139Åã 32' 50.085",0,2.00,1684,1685,,,
10398,3.00,35Åã 19' 1.015",139Åã 32' 50.300",0,2.00,1675,1676,,,
10399,3.00,35Åã 18' 56.450",139Åã 32' 50.602",0,2.00,1620,1621,,,
10400,3.00,35Åã 18' 40.801",139Åã 32' 50.727",0,2.00,1805,1806,,,
10401,3.00,35Åã 18' 56.787",139Åã 32' 50.697",0,2.00,1645,1646,,,
10402,3.00,35Åã 19' 1.814",139Åã 32' 50.747",0,2.00,1676,1677,,,
10403,3.00,35Åã 19' 10.029",139Åã 32' 50.838",0,2.00,1209,1210,,,
10404,3.00,35Åã 19' 10.088",139Åã 32' 50.850",0,2.00,1210,1211,,,
10405,3.00,35Åã 18' 56.828",139Åã 32' 50.901",0,2.00,1646,1647,,,
10406,3.00,35Åã 18' 53.353",139Åã 32' 50.938",0,2.00,1786,1787,,,
10407,3.00,35Åã 19' 2.431",139Åã 32' 51.094",0,2.00,1677,1678,,,
10408,3.00,35Åã 18' 37.553",139Åã 32' 51.186",0,2.00,1829,1830,,,
10409,3.00,35Åã 19' 2.611",139Åã 32' 51.166",0,2.00,1678,1679,,,
10410,3.00,35Åã 18' 56.575",139Åã 32' 51.189",0,2.00,1621,1622,,,
10411,3.00,35Åã 18' 37.518",139Åã 32' 51.286",0,2.00,1830,1831,,,
10412,3.00,35Åã 18' 37.729",139Åã 32' 51.423",0,2.00,1606,1607,,,
10413,3.00,35Åã 18' 53.313",139Åã 32' 51.372",0,2.00,1787,1788,,,
10414,3.00,35Åã 18' 37.672",139Åã 32' 51.453",0,2.00,1607,1608,,,
10415,3.00,35Åã 19' 2.977",139Åã 32' 51.375",0,2.00,1679,1680,,,
10416,3.00,35Åã 18' 56.906",139Åã 32' 51.403",0,2.00,1647,1648,,,
10417,3.00,35Åã 18' 43.147",139Åã 32' 51.461",0,2.00,1799,1800,,,
10418,3.00,35Åã 19' 3.126",139Åã 32' 51.446",0,3.00,1680,1681,1701,,
10419,3.00,35Åã 18' 43.321",139Åã 32' 51.576",0,2.00,1800,1801,,,
10420,3.00,35Åã 19' 3.274",139Åã 32' 51.529",0,2.00,1681,1682,,,
10421,3.00,35Åã 18' 37.084",139Åã 32' 51.846",0,2.00,1831,1832,,,
10422,3.00,35Åã 18' 56.651",139Åã 32' 51.866",0,2.00,1622,1623,,,
10423,3.00,35Åã 18' 56.957",139Åã 32' 51.953",0,2.00,1648,1649,,,
10424,3.00,35Åã 18' 37.226",139Åã 32' 52.035",0,2.00,1608,1609,,,
10425,3.00,35Åã 19' 10.186",139Åã 32' 52.002",0,2.00,1206,1207,,,
10426,3.00,35Åã 18' 37.034",139Åã 32' 52.143",0,3.00,1609,1832,1833,,
10427,3.00,35Åã 19' 4.267",139Åã 32' 52.247",0,3.00,1218,1682,1857,,
10428,3.00,35Åã 18' 36.862",139Åã 32' 52.393",0,3.00,1610,1833,1834,,
10429,3.00,35Åã 19' 4.485",139Åã 32' 52.389",0,3.00,1217,1218,1860,,
10430,3.00,35Åã 19' 4.155",139Åã 32' 52.468",0,2.00,1857,1858,,,
10431,3.00,35Åã 19' 4.267",139Åã 32' 52.547",0,3.00,1702,1858,1859,,
10432,3.00,35Åã 19' 4.375",139Åã 32' 52.613",0,2.00,1859,1860,,,
10433,3.00,35Åã 18' 45.415",139Åã 32' 52.854",0,2.00,1801,1802,,,
10434,3.00,35Åã 19' 9.806",139Åã 32' 52.772",0,3.00,1207,1211,1212,,
10435,3.00,35Åã 18' 37.341",139Åã 32' 52.964",0,2.00,1610,1611,,,
10436,3.00,35Åã 18' 25.739",139Åã 32' 53.127",0,2.00,1508,1509,,,
10437,3.00,35Åã 19' 6.042",139Åã 32' 53.254",0,2.00,1216,1217,,,
10438,3.00,35Åã 18' 25.993",139Åã 32' 53.490",0,3.00,1535,1536,1813,,
10439,3.00,35Åã 18' 25.963",139Åã 32' 53.692",0,2.00,1813,1814,,,
10440,3.00,35Åã 18' 46.657",139Åã 32' 53.656",0,2.00,1802,1803,,,
10441,3.00,35Åã 19' 6.725",139Åã 32' 53.616",0,2.00,1215,1216,,,
10442,3.00,35Åã 19' 3.614",139Åã 32' 53.660",0,2.00,1702,1703,,,
10443,3.00,35Åã 18' 25.845",139Åã 32' 53.848",0,3.00,1814,1815,1821,,
10444,3.00,35Åã 18' 25.730",139Åã 32' 53.995",0,2.00,1815,1816,,,
10445,3.00,35Åã 18' 45.991",139Åã 32' 53.930",0,2.00,1806,1807,,,
10446,3.00,35Åã 18' 25.583",139Åã 32' 54.029",0,3.00,1536,1537,1816,,
10447,3.00,35Åã 18' 38.768",139Åã 32' 54.063",0,2.00,1611,1612,,,
10448,3.00,35Åã 18' 38.874",139Åã 32' 54.067",0,2.00,1612,1613,,,
10449,3.00,35Åã 18' 47.560",139Åã 32' 54.070",0,2.00,1803,1804,,,
10450,3.00,35Åã 18' 46.232",139Åã 32' 54.084",0,2.00,1807,1808,,,
10451,3.00,35Åã 19' 9.622",139Åã 32' 54.073",0,2.00,1212,1213,,,
10452,3.00,35Åã 19' 3.204",139Åã 32' 54.487",0,2.00,1703,1704,,,
10453,3.00,35Åã 19' 9.509",139Åã 32' 54.719",0,4.00,1213,1214,1243,1246,
10454,3.00,35Åã 18' 47.245",139Åã 32' 54.839",0,2.00,1808,1809,,,
10455,3.00,35Åã 19' 9.271",139Åã 32' 54.841",0,3.00,1214,1215,1219,,
10456,3.00,35Åã 18' 47.414",139Åã 32' 55.005",0,2.00,1809,1810,,,
10457,3.00,35Åã 19' 9.202",139Åã 32' 55.071",0,3.00,1219,1220,1245,,
10458,3.00,35Åã 19' 10.045",139Åã 32' 55.087",0,5.00,1243,1244,1245,1283,1284
10459,3.00,35Åã 19' 9.472",139Åã 32' 55.201",0,2.00,1220,1221,,,
10460,3.00,35Åã 18' 27.135",139Åã 32' 55.357",0,2.00,1821,1822,,,
10461,3.00,35Åã 18' 24.023",139Åã 32' 55.389",0,2.00,1509,1510,,,
10462,3.00,35Åã 18' 48.026",139Åã 32' 55.346",0,2.00,1810,1811,,,
10463,3.00,35Åã 19' 9.720",139Åã 32' 55.357",0,2.00,1221,1222,,,
10464,3.00,35Åã 18' 57.107",139Åã 32' 55.406",0,3.00,1635,1649,1650,,
10465,3.00,35Åã 18' 56.807",139Åã 32' 55.414",0,3.00,1623,1624,1635,,
10466,3.00,35Åã 19' 10.258",139Åã 32' 55.448",0,2.00,1284,1285,,,
10467,3.00,35Åã 19' 9.904",139Åã 32' 55.487",0,3.00,1222,1223,1244,,
10468,3.00,35Åã 19' 10.339",139Åã 32' 55.498",0,3.00,1248,1285,1286,,
10469,3.00,35Åã 18' 23.819",139Åã 32' 55.663",0,2.00,1510,1511,,,
10470,3.00,35Åã 18' 27.706",139Åã 32' 55.652",0,2.00,1822,1823,,,
10471,3.00,35Åã 18' 48.781",139Åã 32' 55.670",0,2.00,1811,1812,,,
10472,3.00,35Åã 18' 24.170",139Åã 32' 55.807",0,2.00,1537,1538,,,
10473,3.00,35Åã 19' 9.879",139Åã 32' 55.673",0,3.00,1223,1224,1247,,
10474,3.00,35Åã 18' 57.117",139Åã 32' 55.746",0,2.00,1650,1651,,,
10475,3.00,35Åã 19' 10.253",139Åã 32' 55.722",0,3.00,1240,1241,1248,,
10476,3.00,35Åã 19' 10.133",139Åã 32' 55.799",0,4.00,1239,1240,1246,1247,
10477,3.00,35Åã 18' 28.378",139Åã 32' 55.963",0,2.00,1823,1824,,,
10478,3.00,35Åã 19' 10.922",139Åã 32' 55.857",0,2.00,1286,1287,,,
10479,3.00,35Åã 18' 50.312",139Åã 32' 55.959",0,2.00,1634,1804,,,
10480,3.00,35Åã 18' 56.832",139Åã 32' 56.004",0,2.00,1624,1625,,,
10481,3.00,35Åã 19' 11.144",139Åã 32' 56.001",0,2.00,1287,1288,,,
10482,3.00,35Åã 18' 29.560",139Åã 32' 56.192",0,2.00,1824,1825,,,
10483,3.00,35Åã 19' 9.729",139Åã 32' 56.119",0,2.00,1224,1225,,,
10484,3.00,35Åã 18' 57.130",139Åã 32' 56.223",0,2.00,1651,1652,,,
10485,3.00,35Åã 19' 3.029",139Åã 32' 56.317",0,2.00,1704,1705,,,
10486,3.00,35Åã 18' 56.829",139Åã 32' 56.364",0,2.00,1625,1626,,,
10487,3.00,35Åã 18' 57.119",139Åã 32' 56.506",0,2.00,1652,1653,,,
10488,3.00,35Åã 18' 30.447",139Åã 32' 56.687",0,2.00,1825,1826,,,
10489,3.00,35Åã 19' 11.763",139Åã 32' 56.637",0,2.00,1241,1242,,,
10490,3.00,35Åã 18' 51.830",139Åã 32' 56.791",0,2.00,1863,1864,,,
10491,3.00,35Åã 19' 11.919",139Åã 32' 56.733",0,1.00,1242,,,,
10492,3.00,35Åã 18' 57.104",139Åã 32' 56.786",0,2.00,1653,1654,,,
10493,3.00,35Åã 18' 51.680",139Åã 32' 56.857",0,3.00,1633,1634,1864,,
10494,3.00,35Åã 18' 52.122",139Åã 32' 57.005",0,3.00,1862,1863,1869,,
10495,3.00,35Åã 18' 33.490",139Åã 32' 57.152",0,2.00,1834,1835,,,
10496,3.00,35Åã 18' 57.106",139Åã 32' 57.122",0,2.00,1654,1655,,,
10497,3.00,35Åã 18' 52.457",139Åã 32' 57.236",0,2.00,1861,1862,,,
10498,3.00,35Åã 18' 31.767",139Åã 32' 57.427",0,2.00,1826,1827,,,
10499,3.00,35Åã 18' 52.497",139Åã 32' 57.395",0,3.00,1632,1633,1861,,
10500,3.00,35Åã 18' 57.129",139Åã 32' 57.405",0,2.00,1655,1656,,,
10501,3.00,35Åã 18' 51.713",139Åã 32' 57.477",0,2.00,1867,1868,,,
10502,3.00,35Åã 18' 52.663",139Åã 32' 57.492",0,3.00,1631,1632,1788,,
10503,3.00,35Åã 18' 51.569",139Åã 32' 57.499",0,3.00,1665,1812,1868,,
10504,3.00,35Åã 18' 52.804",139Åã 32' 57.575",0,3.00,1630,1631,1789,,
10505,3.00,35Åã 18' 52.067",139Åã 32' 57.694",0,3.00,1866,1867,1869,,
10506,3.00,35Åã 19' 13.991",139Åã 32' 57.751",0,2.00,1288,1289,,,
10507,3.00,35Åã 18' 32.820",139Åã 32' 57.927",0,2.00,1817,1836,,,
10508,3.00,35Åã 18' 32.924",139Åã 32' 57.969",0,3.00,1835,1836,1837,,
10509,3.00,35Åã 18' 52.423",139Åã 32' 57.908",0,2.00,1865,1866,,,
10510,3.00,35Åã 19' 14.139",139Åã 32' 57.839",0,3.00,1289,1290,1416,,
10511,3.00,35Åã 18' 32.758",139Åã 32' 58.014",0,3.00,1817,1818,1827,,
10512,3.00,35Åã 18' 33.061",139Åã 32' 58.023",0,2.00,1837,1838,,,
10513,3.00,35Åã 19' 9.126",139Åã 32' 57.930",0,2.00,1225,1226,,,
10514,3.00,35Åã 18' 52.463",139Åã 32' 58.025",0,4.00,1664,1665,1790,1865,
10515,3.00,35Åã 18' 32.983",139Åã 32' 58.119",0,3.00,1838,1839,1847,,
10516,3.00,35Åã 18' 32.691",139Åã 32' 58.120",0,2.00,1818,1819,,,
10517,3.00,35Åã 18' 32.778",139Åã 32' 58.166",0,3.00,1601,1819,1820,,
10518,3.00,35Åã 19' 14.051",139Åã 32' 58.048",0,1.00,1416,,,,
10519,3.00,35Åã 18' 32.899",139Åã 32' 58.221",0,2.00,1820,1839,,,
10520,3.00,35Åã 18' 52.802",139Åã 32' 58.214",0,3.00,1663,1664,1789,,
10521,3.00,35Åã 19' 2.910",139Åã 32' 58.201",0,3.00,1705,1706,1737,,
10522,3.00,35Åã 18' 57.000",139Åã 32' 58.280",0,2.00,1656,1657,,,
10523,3.00,35Åã 18' 22.220",139Åã 32' 58.411",0,2.00,1538,1539,,,
10524,3.00,35Åã 19' 15.325",139Åã 32' 58.548",0,2.00,1290,1291,,,
10525,3.00,35Åã 19' 15.302",139Åã 32' 58.600",0,2.00,1291,1292,,,
10526,3.00,35Åã 18' 52.064",139Åã 32' 58.932",0,2.00,1790,1791,,,
10527,3.00,35Åã 19' 15.795",139Åã 32' 58.928",0,3.00,1292,1293,1303,,
10528,3.00,35Åã 19' 9.048",139Åã 32' 59.103",0,2.00,1238,1239,,,
10529,3.00,35Åã 19' 8.729",139Åã 32' 59.127",0,3.00,1226,1227,1935,,
10530,3.00,35Åã 19' 8.113",139Åã 32' 59.196",0,2.00,1228,1229,,,
10531,3.00,35Åã 18' 21.498",139Åã 32' 59.454",0,2.00,1539,1540,,,
10532,3.00,35Åã 19' 9.077",139Åã 32' 59.292",0,4.00,1237,1238,1262,1935,
10533,3.00,35Åã 19' 8.650",139Åã 32' 59.352",0,2.00,1227,1228,,,
10534,3.00,35Åã 19' 16.503",139Åã 32' 59.423",0,2.00,1293,1294,,,
10535,3.00,35Åã 18' 56.606",139Åã 32' 59.497",0,2.00,1626,1627,,,
10536,3.00,35Åã 19' 9.086",139Åã 32' 59.463",0,2.00,1236,1237,,,
10537,3.00,35Åã 18' 56.896",139Åã 32' 59.547",0,2.00,1657,1658,,,
10538,3.00,35Åã 18' 20.819",139Åã 32' 59.675",0,2.00,1511,1512,,,
10539,3.00,35Åã 19' 9.631",139Åã 32' 59.566",0,2.00,1262,1263,,,
10540,3.00,35Åã 18' 56.554",139Åã 32' 59.639",0,3.00,1627,1628,1666,,
10541,3.00,35Åã 18' 21.233",139Åã 32' 59.807",0,2.00,1540,1541,,,
10542,3.00,35Åã 18' 56.472",139Åã 32' 59.721",0,3.00,1628,1629,1637,,
10543,3.00,35Åã 18' 56.380",139Åã 32' 59.722",0,3.00,1629,1630,1636,,
10544,3.00,35Åã 19' 6.942",139Åã 32' 59.787",0,2.00,1736,1737,,,
10545,3.00,35Åã 19' 7.351",139Åã 32' 59.796",0,2.00,1229,1230,,,
10546,3.00,35Åã 19' 9.857",139Åã 32' 59.874",0,2.00,1263,1264,,,
10547,3.00,35Åã 19' 6.915",139Åã 32' 59.908",0,2.00,1735,1736,,,
10548,3.00,35Åã 18' 57.173",139Åã 32' 59.972",0,5.00,1658,1659,1666,1667,1717
10549,3.00,35Åã 19' 9.053",139Åã 32' 59.957",0,2.00,1235,1236,,,
10550,3.00,35Åã 19' 17.473",139Åã 32' 59.981",0,2.00,1294,1295,,,
10551,3.00,35Åã 19' 7.273",139Åã 33' 0.067",0,3.00,1230,1231,1735,,
10552,3.00,35Åã 19' 9.914",139Åã 33' 0.167",0,2.00,1264,1265,,,
10553,3.00,35Åã 18' 56.184",139Åã 33' 0.253",0,3.00,1636,1662,1663,,
10554,3.00,35Åã 19' 8.885",139Åã 33' 0.232",0,2.00,1234,1235,,,
10555,3.00,35Åã 19' 7.651",139Åã 33' 0.243",0,2.00,1231,1232,,,
10556,3.00,35Åã 19' 7.892",139Åã 33' 0.254",0,2.00,1232,1233,,,
10557,3.00,35Åã 18' 56.279",139Åã 33' 0.322",0,3.00,1661,1662,1667,,
10558,3.00,35Åã 19' 8.723",139Åã 33' 0.307",0,2.00,1233,1234,,,
10559,3.00,35Åã 18' 56.599",139Åã 33' 0.603",0,3.00,1660,1661,1738,,
10560,3.00,35Åã 19' 14.952",139Åã 33' 0.542",0,2.00,1303,1304,,,
10561,3.00,35Åã 18' 39.321",139Åã 33' 0.703",0,2.00,1842,1937,,,
10562,3.00,35Åã 18' 39.426",139Åã 33' 0.759",0,3.00,1613,1842,1843,,
10563,3.00,35Åã 18' 39.531",139Åã 33' 0.808",0,2.00,1843,1845,,,
10564,3.00,35Åã 18' 56.893",139Åã 33' 0.750",0,4.00,1637,1659,1660,1727,
10565,3.00,35Åã 18' 39.333",139Åã 33' 0.844",0,3.00,1844,1847,1937,,
10566,3.00,35Åã 18' 39.542",139Åã 33' 0.933",0,3.00,1845,1846,1848,,
10567,3.00,35Åã 18' 39.349",139Åã 33' 0.991",0,2.00,1841,1844,,,
10568,3.00,35Åã 19' 9.874",139Åã 33' 0.902",0,2.00,1265,1266,,,
10569,3.00,35Åã 18' 39.451",139Åã 33' 1.037",0,3.00,1614,1840,1841,,
10570,3.00,35Åã 18' 39.560",139Åã 33' 1.083",0,2.00,1840,1846,,,
10571,3.00,35Åã 18' 50.887",139Åã 33' 1.192",0,2.00,1791,1792,,,
10572,3.00,35Åã 19' 20.276",139Åã 33' 1.148",0,2.00,1295,1296,,,
10573,3.00,35Åã 19' 28.762",139Åã 33' 1.501",0,1.00,1302,,,,
10574,3.00,35Åã 19' 14.417",139Åã 33' 1.566",0,2.00,1304,1305,,,
10575,3.00,35Åã 19' 0.078",139Åã 33' 1.642",0,2.00,1717,1718,,,
10576,3.00,35Åã 19' 0.198",139Åã 33' 1.708",0,3.00,1706,1718,1719,,
10577,3.00,35Åã 19' 26.625",139Åã 33' 1.619",0,1.00,1321,,,,
10578,3.00,35Åã 19' 26.302",139Åã 33' 1.655",0,1.00,1326,,,,
10579,3.00,35Åã 19' 0.319",139Åã 33' 1.790",0,2.00,1719,1720,,,
10580,3.00,35Åã 19' 26.631",139Åã 33' 1.758",0,4.00,1301,1302,1321,1322,
10581,3.00,35Åã 19' 26.307",139Åã 33' 1.796",0,4.00,1300,1301,1325,1326,
10582,3.00,35Åã 19' 26.635",139Åã 33' 1.883",0,2.00,1322,1323,,,
10583,3.00,35Åã 19' 26.468",139Åã 33' 1.902",0,3.00,1323,1324,1327,,
10584,3.00,35Åã 18' 50.725",139Åã 33' 2.030",0,2.00,1792,1793,,,
10585,3.00,35Åã 19' 26.313",139Åã 33' 1.917",0,2.00,1324,1325,,,
10586,3.00,35Åã 19' 25.451",139Åã 33' 1.953",0,2.00,1299,1300,,,
10587,3.00,35Åã 19' 22.703",139Åã 33' 2.060",0,3.00,1296,1297,1314,,
10588,3.00,35Åã 19' 9.806",139Åã 33' 2.207",0,2.00,1266,1267,,,
10589,3.00,35Åã 19' 24.446",139Åã 33' 2.183",0,2.00,1298,1299,,,
10590,3.00,35Åã 19' 23.416",139Åã 33' 2.194",0,2.00,1297,1298,,,
10591,3.00,35Åã 18' 50.688",139Åã 33' 2.361",0,2.00,1793,1794,,,
10592,3.00,35Åã 19' 26.443",139Åã 33' 2.360",0,2.00,1327,1328,,,
10593,3.00,35Åã 19' 22.627",139Åã 33' 2.418",0,2.00,1314,1315,,,
10594,3.00,35Åã 19' 13.907",139Åã 33' 2.580",0,2.00,1305,1942,,,
10595,3.00,35Åã 19' 0.058",139Åã 33' 2.632",0,2.00,1727,1728,,,
10596,3.00,35Åã 18' 18.502",139Åã 33' 2.918",0,2.00,1512,1513,,,
10597,3.00,35Åã 19' 1.818",139Åã 33' 2.872",0,3.00,1720,1721,1733,,
10598,3.00,35Åã 18' 50.511",139Åã 33' 2.958",0,3.00,1794,1795,1797,,
10599,3.00,35Åã 19' 7.296",139Åã 33' 2.963",0,2.00,1255,1256,,,
10600,3.00,35Åã 18' 18.258",139Åã 33' 3.138",0,1.00,1513,,,,
10601,3.00,35Åã 19' 22.505",139Åã 33' 2.916",0,2.00,1315,1316,,,
10602,3.00,35Åã 18' 18.811",139Åã 33' 3.160",0,2.00,1541,1542,,,
10603,3.00,35Åã 18' 50.702",139Åã 33' 3.054",0,1.00,1797,,,,
10604,3.00,35Åã 19' 8.397",139Åã 33' 3.012",0,3.00,1256,1257,1258,,
10605,3.00,35Åã 19' 26.357",139Åã 33' 2.954",0,2.00,1328,1329,,,
10606,3.00,35Åã 19' 9.767",139Åã 33' 3.119",0,3.00,1257,1267,1268,,
10607,3.00,35Åã 19' 3.574",139Åã 33' 3.186",0,2.00,1707,1708,,,
10608,3.00,35Åã 19' 0.491",139Åã 33' 3.199",0,2.00,1752,1753,,,
10609,3.00,35Åã 18' 59.868",139Åã 33' 3.283",0,1.00,1752,,,,
10610,3.00,35Åã 19' 1.055",139Åã 33' 3.290",0,3.00,1728,1729,1753,,
10611,3.00,35Åã 19' 6.999",139Åã 33' 3.352",0,2.00,1254,1255,,,
10612,3.00,35Åã 18' 55.823",139Åã 33' 3.423",0,2.00,1738,1739,,,
10613,3.00,35Åã 19' 1.294",139Åã 33' 3.436",0,2.00,1729,1730,,,
10614,3.00,35Åã 18' 18.469",139Åã 33' 3.595",0,2.00,1542,1543,,,
10615,3.00,35Åã 19' 8.380",139Åã 33' 3.496",0,2.00,1258,1259,,,
10616,3.00,35Åã 19' 3.731",139Åã 33' 3.516",0,2.00,1712,1713,,,
10617,3.00,35Åã 19' 22.432",139Åã 33' 3.467",0,2.00,1316,1317,,,
10618,3.00,35Åã 19' 1.543",139Åã 33' 3.598",0,3.00,1730,1731,1733,,
10619,3.00,35Åã 19' 3.315",139Åã 33' 3.765",0,3.00,1707,1721,1722,,
10620,3.00,35Åã 18' 18.872",139Åã 33' 3.954",0,2.00,1543,1544,,,
10621,3.00,35Åã 18' 28.653",139Åã 33' 4.007",0,2.00,1601,1602,,,
10622,3.00,35Åã 19' 3.568",139Åã 33' 3.921",0,3.00,1712,1722,1723,,
10623,3.00,35Åã 19' 6.156",139Åã 33' 3.998",0,2.00,1709,1710,,,
10624,3.00,35Åã 19' 8.359",139Åã 33' 4.074",0,2.00,1259,1260,,,
10625,3.00,35Åã 18' 47.342",139Åã 33' 4.167",0,1.00,1856,,,,
10626,3.00,35Åã 19' 6.117",139Åã 33' 4.106",0,2.00,1708,1709,,,
10627,3.00,35Åã 19' 5.396",139Åã 33' 4.110",0,2.00,1713,1714,,,
10628,3.00,35Åã 19' 6.574",139Åã 33' 4.108",0,2.00,1710,1711,,,
10629,3.00,35Åã 19' 6.901",139Åã 33' 4.190",0,3.00,1253,1254,1711,,
10630,3.00,35Åã 18' 47.307",139Åã 33' 4.304",0,4.00,1848,1849,1855,1856,
10631,3.00,35Åã 18' 50.121",139Åã 33' 4.302",0,3.00,1795,1796,1932,,
10632,3.00,35Åã 18' 47.686",139Åã 33' 4.321",0,1.00,1852,,,,
10633,3.00,35Åã 18' 55.558",139Åã 33' 4.331",0,2.00,1739,1740,,,
10634,3.00,35Åã 19' 5.972",139Åã 33' 4.316",0,2.00,1714,1715,,,
10635,3.00,35Åã 18' 47.278",139Åã 33' 4.428",0,2.00,1854,1855,,,
10636,3.00,35Åã 18' 47.651",139Åã 33' 4.450",0,4.00,1849,1850,1852,1853,
10637,3.00,35Åã 19' 9.728",139Åã 33' 4.432",0,2.00,1268,1269,,,
10638,3.00,35Åã 19' 6.555",139Åã 33' 4.483",0,2.00,1715,1716,,,
10639,3.00,35Åã 19' 6.871",139Åã 33' 4.485",0,3.00,1252,1253,1716,,
10640,3.00,35Åã 18' 47.616",139Åã 33' 4.571",0,2.00,1853,1854,,,
10641,3.00,35Åã 19' 4.404",139Åã 33' 4.513",0,2.00,1723,1724,,,
10642,3.00,35Åã 19' 7.149",139Åã 33' 4.505",0,2.00,1251,1252,,,
10643,3.00,35Åã 19' 7.739",139Åã 33' 4.533",0,2.00,1250,1251,,,
10644,3.00,35Åã 18' 55.191",139Åã 33' 4.588",0,2.00,1740,1741,,,
10645,3.00,35Åã 19' 9.678",139Åã 33' 4.551",0,3.00,1269,1270,1274,,
10646,3.00,35Åã 19' 8.341",139Åã 33' 4.578",0,3.00,1260,1271,1272,,
10647,3.00,35Åã 19' 7.788",139Åã 33' 4.618",0,3.00,1249,1250,1261,,
10648,3.00,35Åã 19' 8.276",139Åã 33' 4.659",0,3.00,1261,1272,1273,,
10649,3.00,35Åã 19' 9.631",139Åã 33' 4.658",0,2.00,1270,1271,,,
10650,3.00,35Åã 19' 25.924",139Åã 33' 4.651",0,2.00,1329,1330,,,
10651,3.00,35Åã 18' 50.196",139Åã 33' 4.782",0,2.00,1798,1932,,,
10652,3.00,35Åã 18' 49.923",139Åã 33' 4.984",0,2.00,1796,1851,,,
10653,3.00,35Åã 19' 5.138",139Åã 33' 4.968",0,3.00,1724,1725,1734,,
10654,3.00,35Åã 18' 20.350",139Åã 33' 5.180",0,2.00,1544,1545,,,
10655,3.00,35Åã 18' 55.002",139Åã 33' 5.060",0,3.00,1741,1742,1746,,
10656,3.00,35Åã 18' 50.148",139Åã 33' 5.209",0,1.00,1798,,,,
10657,3.00,35Åã 19' 4.277",139Åã 33' 5.167",0,2.00,1731,1732,,,
10658,3.00,35Åã 19' 26.079",139Åã 33' 5.096",0,2.00,1330,1331,,,
10659,3.00,35Åã 18' 55.233",139Åã 33' 5.209",0,2.00,1746,1747,,,
10660,3.00,35Åã 18' 49.530",139Åã 33' 5.234",0,2.00,1850,1851,,,
10661,3.00,35Åã 19' 6.043",139Åã 33' 5.450",0,2.00,1725,1726,,,
10662,3.00,35Åã 19' 4.921",139Åã 33' 5.648",0,3.00,1390,1732,1734,,
10663,3.00,35Åã 18' 54.747",139Åã 33' 5.732",0,2.00,1742,1743,,,
10664,3.00,35Åã 18' 21.579",139Åã 33' 5.868",0,2.00,1545,1546,,,
10665,3.00,35Åã 19' 5.133",139Åã 33' 5.781",0,2.00,1389,1390,,,
10666,3.00,35Åã 19' 26.380",139Åã 33' 5.714",0,2.00,1331,1332,,,
10667,3.00,35Åã 19' 12.235",139Åã 33' 5.798",0,4.00,1274,1275,1306,1307,
10668,3.00,35Åã 19' 21.582",139Åã 33' 5.906",0,2.00,1317,1318,,,
10669,3.00,35Åã 19' 7.693",139Åã 33' 6.355",0,5.00,1249,1337,1339,1340,1726
10670,3.00,35Åã 19' 8.179",139Åã 33' 6.716",0,5.00,1273,1337,1338,1341,1362
10671,3.00,35Åã 19' 26.686",139Åã 33' 6.842",0,2.00,1332,1333,,,
10672,3.00,35Åã 19' 11.631",139Åã 33' 6.965",0,2.00,1307,1308,,,
10673,3.00,35Åã 19' 7.368",139Åã 33' 7.159",0,4.00,1340,1341,1388,1389,
10674,3.00,35Åã 18' 54.379",139Åã 33' 7.403",0,2.00,1747,1748,,,
10675,3.00,35Åã 19' 26.762",139Åã 33' 7.331",0,2.00,1333,1334,,,
10676,3.00,35Åã 19' 11.421",139Åã 33' 7.446",0,2.00,1308,1309,,,
10677,3.00,35Åã 19' 7.880",139Åã 33' 7.501",0,4.00,1338,1339,1387,1388,
10678,3.00,35Åã 19' 11.531",139Åã 33' 7.520",0,2.00,1309,1310,,,
10679,3.00,35Åã 19' 15.762",139Åã 33' 7.535",0,2.00,1275,1276,,,
10680,3.00,35Åã 18' 53.983",139Åã 33' 7.739",0,3.00,1743,1744,1751,,
10681,3.00,35Åã 18' 25.680",139Åã 33' 7.900",0,2.00,1597,1598,,,
10682,3.00,35Åã 18' 54.220",139Åã 33' 7.854",0,3.00,1748,1749,1751,,
10683,3.00,35Åã 18' 25.634",139Åã 33' 7.994",0,3.00,1546,1547,1597,,
10684,3.00,35Åã 18' 25.874",139Åã 33' 7.999",0,3.00,1598,1599,1602,,
10685,3.00,35Åã 19' 10.077",139Åã 33' 7.922",0,3.00,1342,1362,1363,,
10686,3.00,35Åã 18' 26.088",139Åã 33' 8.133",0,2.00,1599,1600,,,
10687,3.00,35Åã 18' 53.873",139Åã 33' 8.057",0,2.00,1744,1745,,,
10688,3.00,35Åã 18' 26.054",139Åã 33' 8.226",0,3.00,1547,1548,1600,,
10689,3.00,35Åã 19' 10.868",139Åã 33' 8.425",0,2.00,1363,1364,,,
10690,3.00,35Åã 19' 11.122",139Åã 33' 8.543",0,4.00,1310,1311,1364,1365,
10691,3.00,35Åã 19' 9.741",139Åã 33' 8.695",0,3.00,1342,1386,1387,,
10692,3.00,35Åã 19' 10.900",139Åã 33' 8.901",0,2.00,1311,1312,,,
10693,3.00,35Åã 19' 10.081",139Åã 33' 8.933",0,2.00,1385,1386,,,
10694,3.00,35Åã 18' 28.027",139Åã 33' 9.155",0,2.00,1548,1549,,,
10695,3.00,35Åã 19' 10.795",139Åã 33' 9.104",0,2.00,1312,1313,,,
10696,3.00,35Åã 18' 53.767",139Åã 33' 9.198",0,2.00,1749,1750,,,
10697,3.00,35Åã 19' 10.651",139Åã 33' 9.375",0,3.00,1313,1384,1385,,
10698,3.00,35Åã 19' 10.754",139Åã 33' 9.449",0,2.00,1383,1384,,,
10699,3.00,35Åã 18' 29.302",139Åã 33' 9.618",0,2.00,1549,1550,,,
10700,3.00,35Åã 19' 10.870",139Åã 33' 9.561",0,2.00,1382,1383,,,
10701,3.00,35Åã 19' 20.164",139Åã 33' 9.702",0,4.00,1276,1277,1318,1319,
10702,3.00,35Åã 18' 53.291",139Åã 33' 9.882",0,2.00,1745,1885,,,
10703,3.00,35Åã 18' 53.528",139Åã 33' 9.991",0,2.00,1750,1899,,,
10704,3.00,35Åã 19' 11.480",139Åã 33' 9.997",0,2.00,1381,1382,,,
10705,3.00,35Åã 19' 26.765",139Åã 33' 9.966",0,2.00,1334,1335,,,
10706,3.00,35Åã 18' 31.450",139Åã 33' 10.180",0,2.00,1550,1551,,,
10707,3.00,35Åã 18' 32.801",139Åã 33' 10.383",0,2.00,1551,1552,,,
10708,3.00,35Åã 18' 35.378",139Åã 33' 10.611",0,2.00,1552,1553,,,
10709,3.00,35Åã 19' 14.441",139Åã 33' 10.557",0,2.00,1365,1366,,,
10710,3.00,35Åã 18' 37.517",139Åã 33' 10.783",0,2.00,1553,1554,,,
10711,3.00,35Åã 19' 14.602",139Åã 33' 10.731",0,2.00,1366,1367,,,
10712,3.00,35Åã 18' 40.227",139Åã 33' 10.941",0,2.00,1614,1615,,,
10713,3.00,35Åã 18' 40.108",139Åã 33' 11.093",0,2.00,1554,1555,,,
10714,3.00,35Åã 18' 40.232",139Åã 33' 11.114",0,3.00,1555,1556,1615,,
10715,3.00,35Åã 18' 40.386",139Åã 33' 11.135",0,2.00,1556,1557,,,
10716,3.00,35Åã 18' 41.958",139Åã 33' 11.325",0,2.00,1557,1558,,,
10717,3.00,35Åã 19' 23.077",139Åã 33' 11.262",0,2.00,1277,1278,,,
10718,3.00,35Åã 19' 13.688",139Åã 33' 11.300",0,2.00,1380,1381,,,
10719,3.00,35Åã 18' 43.877",139Åã 33' 11.595",0,2.00,1558,1873,,,
10720,3.00,35Åã 19' 13.912",139Åã 33' 11.512",0,2.00,1379,1380,,,
10721,3.00,35Åã 18' 51.789",139Åã 33' 11.595",0,2.00,1882,1883,,,
10722,3.00,35Åã 19' 2.184",139Åã 33' 11.562",0,2.00,1920,1921,,,
10723,3.00,35Åã 18' 52.797",139Åã 33' 11.628",0,3.00,1885,1886,1897,,
10724,3.00,35Åã 18' 50.533",139Åã 33' 11.642",0,2.00,1880,1881,,,
10725,3.00,35Åã 18' 53.061",139Åã 33' 11.676",0,3.00,1897,1899,1900,,
10726,3.00,35Åã 18' 52.419",139Åã 33' 11.692",0,2.00,1883,1884,,,
10727,3.00,35Åã 18' 50.171",139Åã 33' 11.731",0,2.00,1879,1880,,,
10728,3.00,35Åã 18' 51.781",139Åã 33' 11.740",0,2.00,1881,1882,,,
10729,3.00,35Åã 19' 3.055",139Åã 33' 11.704",0,1.00,1925,,,,
10730,3.00,35Åã 18' 57.544",139Åã 33' 11.758",0,2.00,1913,1914,,,
10731,3.00,35Åã 18' 52.763",139Åã 33' 11.775",0,3.00,1884,1886,1887,,
10732,3.00,35Åã 18' 58.585",139Åã 33' 11.759",0,2.00,1914,1915,,,
10733,3.00,35Åã 18' 45.060",139Åã 33' 11.837",0,2.00,1873,1874,,,
10734,3.00,35Åã 19' 1.933",139Åã 33' 11.804",0,2.00,1919,1920,,,
10735,3.00,35Åã 19' 3.037",139Åã 33' 11.812",0,4.00,1921,1922,1925,1926,
10736,3.00,35Åã 18' 59.373",139Åã 33' 11.861",0,2.00,1915,1916,,,
10737,3.00,35Åã 18' 53.001",139Åã 33' 11.897",0,3.00,1900,1901,1910,,
10738,3.00,35Åã 18' 45.685",139Åã 33' 11.939",0,2.00,1874,1875,,,
10739,3.00,35Åã 18' 55.921",139Åã 33' 11.960",0,2.00,1912,1913,,,
10740,3.00,35Åã 18' 49.291",139Åã 33' 12.007",0,2.00,1878,1879,,,
10741,3.00,35Åã 19' 3.010",139Åã 33' 11.965",0,1.00,1926,,,,
10742,3.00,35Åã 18' 46.766",139Åã 33' 12.069",0,2.00,1875,1876,,,
10743,3.00,35Åã 18' 53.876",139Åã 33' 12.045",0,2.00,1910,1911,,,
10744,3.00,35Åã 18' 54.557",139Åã 33' 12.060",0,2.00,1911,1912,,,
10745,3.00,35Åã 18' 52.940",139Åã 33' 12.103",0,2.00,1901,1902,,,
10746,3.00,35Åã 19' 14.849",139Åã 33' 12.040",0,2.00,1378,1379,,,
10747,3.00,35Åã 18' 47.830",139Åã 33' 12.135",0,2.00,1876,1877,,,
10748,3.00,35Åã 18' 48.577",139Åã 33' 12.134",0,2.00,1877,1878,,,
10749,3.00,35Åã 19' 26.700",139Åã 33' 12.042",0,2.00,1335,1336,,,
10750,3.00,35Åã 19' 1.665",139Åã 33' 12.149",0,2.00,1918,1919,,,
10751,3.00,35Åã 19' 15.143",139Åã 33' 12.144",0,2.00,1377,1378,,,
10752,3.00,35Åã 19' 18.983",139Åã 33' 12.145",0,2.00,1319,1320,,,
10753,3.00,35Åã 19' 1.011",139Åã 33' 12.222",0,2.00,1916,1917,,,
10754,3.00,35Åã 18' 52.632",139Åã 33' 12.255",0,3.00,1887,1888,1898,,
10755,3.00,35Åã 19' 1.548",139Åã 33' 12.269",0,2.00,1917,1918,,,
10756,3.00,35Åã 18' 52.875",139Åã 33' 12.320",0,3.00,1898,1902,1903,,
10757,3.00,35Åã 19' 5.230",139Åã 33' 12.586",0,2.00,1922,1923,,,
10758,3.00,35Åã 19' 18.285",139Åã 33' 13.028",0,2.00,1367,1368,,,
10759,3.00,35Åã 19' 26.574",139Åã 33' 13.015",0,3.00,1278,1279,1336,,
10760,3.00,35Åã 19' 18.382",139Åã 33' 13.095",0,3.00,1320,1368,1369,,
10761,3.00,35Åã 19' 6.585",139Åã 33' 13.149",0,2.00,1923,1924,,,
10762,3.00,35Åã 19' 18.479",139Åã 33' 13.158",0,3.00,1343,1369,1370,,
10763,3.00,35Åã 18' 52.559",139Åã 33' 13.417",0,2.00,1903,1904,,,
10764,3.00,35Åã 19' 7.583",139Åã 33' 13.477",0,1.00,1412,,,,
10765,3.00,35Åã 19' 18.299",139Åã 33' 13.456",0,2.00,1343,1344,,,
10766,3.00,35Åã 18' 52.258",139Åã 33' 13.562",0,2.00,1888,1889,,,
10767,3.00,35Åã 19' 27.663",139Åã 33' 13.502",0,2.00,1355,1356,,,
10768,3.00,35Åã 19' 7.545",139Åã 33' 13.593",0,4.00,1411,1412,1413,1924,
10769,3.00,35Åã 19' 7.905",139Åã 33' 13.630",0,1.00,1414,,,,
10770,3.00,35Åã 19' 27.636",139Åã 33' 13.571",0,3.00,1279,1356,1357,,
10771,3.00,35Åã 19' 18.214",139Åã 33' 13.644",0,2.00,1344,1345,,,
10772,3.00,35Åã 19' 7.508",139Åã 33' 13.702",0,1.00,1413,,,,
10773,3.00,35Åã 19' 7.866",139Åã 33' 13.738",0,4.00,1410,1411,1414,1415,
10774,3.00,35Åã 19' 27.916",139Åã 33' 13.673",0,2.00,1354,1355,,,
10775,3.00,35Åã 19' 7.820",139Åã 33' 13.865",0,1.00,1415,,,,
10776,3.00,35Åã 19' 18.089",139Åã 33' 13.929",0,3.00,1345,1376,1377,,
10777,3.00,35Åã 18' 52.022",139Åã 33' 14.230",0,2.00,1889,1890,,,
10778,3.00,35Åã 19' 27.940",139Åã 33' 14.136",0,1.00,1927,,,,
10779,3.00,35Åã 18' 52.241",139Åã 33' 14.374",0,2.00,1904,1905,,,
10780,3.00,35Åã 19' 9.218",139Åã 33' 14.434",0,2.00,1409,1410,,,
10781,3.00,35Åã 19' 9.461",139Åã 33' 14.610",0,2.00,1408,1409,,,
10782,3.00,35Åã 18' 51.952",139Åã 33' 15.116",0,2.00,1905,1906,,,
10783,3.00,35Åã 18' 51.544",139Åã 33' 15.431",0,2.00,1890,1891,,,
10784,3.00,35Åã 19' 30.082",139Åã 33' 15.487",0,3.00,1353,1354,1936,,
10785,3.00,35Åã 19' 10.726",139Åã 33' 15.805",0,2.00,1407,1408,,,
10786,3.00,35Åã 19' 30.424",139Åã 33' 15.773",0,1.00,1353,,,,
10787,3.00,35Åã 19' 29.921",139Åã 33' 15.797",0,3.00,1927,1928,1936,,
10788,3.00,35Åã 18' 51.574",139Åã 33' 15.951",0,2.00,1906,1907,,,
10789,3.00,35Åã 18' 51.208",139Åã 33' 16.105",0,2.00,1891,1892,,,
10790,3.00,35Åã 19' 26.140",139Åã 33' 16.471",0,2.00,1357,1358,,,
10791,3.00,35Åã 19' 26.249",139Åã 33' 16.552",0,2.00,1358,1359,,,
10792,3.00,35Åã 19' 30.894",139Åã 33' 16.613",0,1.00,1928,,,,
10793,3.00,35Åã 18' 50.727",139Åã 33' 17.004",0,2.00,1892,1893,,,
10794,3.00,35Åã 19' 25.280",139Åã 33' 17.356",0,4.00,1346,1351,1370,1371,
10795,3.00,35Åã 19' 25.835",139Åã 33' 17.393",0,2.00,1359,1360,,,
10796,3.00,35Åã 18' 50.751",139Åã 33' 17.539",0,2.00,1907,1908,,,
10797,3.00,35Åã 19' 25.753",139Åã 33' 17.550",0,2.00,1360,1361,,,
10798,3.00,35Åã 19' 25.707",139Åã 33' 17.621",0,4.00,1350,1361,1371,1372,
10799,3.00,35Åã 19' 25.108",139Åã 33' 17.764",0,5.00,1346,1347,1349,1350,1352
10800,3.00,35Åã 19' 25.472",139Åã 33' 18.011",0,5.00,1348,1349,1351,1372,1373
10801,3.00,35Åã 18' 50.119",139Åã 33' 18.169",0,3.00,1893,1894,1896,,
10802,3.00,35Åã 19' 24.919",139Åã 33' 18.161",0,4.00,1347,1348,1375,1376,
10803,3.00,35Åã 18' 50.338",139Åã 33' 18.313",0,3.00,1896,1908,1909,,
10804,3.00,35Åã 18' 50.000",139Åã 33' 18.385",0,2.00,1894,1895,,,
10805,3.00,35Åã 19' 25.108",139Åã 33' 18.284",0,3.00,1374,1375,1391,,
10806,3.00,35Åã 19' 25.247",139Åã 33' 18.375",0,3.00,1352,1373,1374,,
10807,3.00,35Åã 19' 15.449",139Åã 33' 20.828",0,2.00,1406,1407,,,
10808,3.00,35Åã 18' 47.655",139Åã 33' 22.811",0,1.00,1895,,,,
10809,3.00,35Åã 18' 47.850",139Åã 33' 22.994",0,1.00,1909,,,,
10810,3.00,35Åã 19' 22.756",139Åã 33' 22.905",0,1.00,1870,,,,
10811,3.00,35Åã 19' 22.883",139Åã 33' 23.009",0,4.00,1391,1392,1870,1871,
10812,3.00,35Åã 19' 23.029",139Åã 33' 23.117",0,2.00,1871,1872,,,
10813,3.00,35Åã 19' 21.275",139Åã 33' 25.918",0,2.00,1393,1394,,,
10814,3.00,35Åã 19' 21.398",139Åã 33' 26.011",0,3.00,1392,1393,1396,,
10815,3.00,35Åã 19' 21.167",139Åã 33' 26.117",0,3.00,1394,1395,1406,,
10816,3.00,35Åã 19' 21.582",139Åã 33' 26.160",0,2.00,1396,1397,,,
10817,3.00,35Åã 19' 27.199",139Åã 33' 26.208",0,1.00,1872,,,,
10818,3.00,35Åã 19' 21.104",139Åã 33' 26.230",0,1.00,1395,,,,
10819,3.00,35Åã 19' 21.622",139Åã 33' 26.315",0,3.00,1397,1398,1405,,
10820,3.00,35Åã 19' 21.426",139Åã 33' 26.649",0,2.00,1404,1405,,,
10821,3.00,35Åã 19' 24.485",139Åã 33' 29.172",0,2.00,1398,1399,,,
10822,3.00,35Åã 19' 24.607",139Åã 33' 29.357",0,3.00,1399,1400,1402,,
10823,3.00,35Åã 19' 24.206",139Åã 33' 29.415",0,2.00,1403,1404,,,
10824,3.00,35Åã 19' 24.361",139Åã 33' 29.656",0,2.00,1402,1403,,,
10825,3.00,35Åã 19' 24.874",139Åã 33' 29.762",0,2.00,1400,1401,,,
10826,3.00,35Åã 19' 24.933",139Åã 33' 30.159",0,1.00,1401,,,,
10827,3.00,35Åã 18' 42.488",139Åã 32' 41.073",0,2.00,1582,1938,,,
10828,3.00,35Åã 18' 42.378",139Åã 32' 41.514",0,2.00,1583,1939,,,
10829,3.00,35Åã 18' 53.491",139Åã 32' 45.761",0,2.00,1775,1940,,,
10830,3.00,35Åã 19' 13.187",139Åã 33' 3.967",0,2.00,1306,1942,,,
