1181,10013,10015,8.00,2.00,1.00,1.00,1.00,1.00,1.00
1182,10055,10059,8.00,2.00,1.00,1.00,1.00,1.00,1.00
1183,10059,10067,8.00,2.00,1.00,1.00,1.00,1.00,1.00
1184,10067,10080,8.00,2.00,1.00,1.00,1.00,1.00,1.00
1185,10080,10083,8.00,2.00,1.00,1.00,1.00,1.00,1.00
1186,10083,10081,8.00,2.00,1.00,1.00,1.00,1.00,1.00
1187,10104,10106,8.00,2.00,1.00,1.00,1.00,1.00,1.00
1188,10117,10118,8.00,2.00,1.00,1.00,1.00,1.00,1.00
1189,10108,10113,8.00,2.00,1.00,1.00,1.00,1.00,1.00
1190,10096,10099,8.00,1.00,1.00,1.00,1.00,2.00,1.00
1191,10073,10084,8.00,2.00,2.00,1.00,1.00,2.00,1.00
1192,10092,10094,8.00,2.00,2.00,1.00,1.00,2.00,1.00
1193,10066,10082,8.00,2.00,2.00,1.00,1.00,2.00,1.00
1194,10044,10053,8.00,3.00,2.00,1.00,1.00,1.00,1.00
1195,10054,10070,8.00,2.00,1.00,1.00,1.00,2.00,1.00
1196,10057,10071,8.00,2.00,1.00,1.00,1.00,2.00,1.00
1197,10126,10127,8.00,2.00,2.00,1.00,1.00,2.00,1.00
1198,10152,10156,8.00,2.00,1.00,1.00,1.00,2.00,1.00
1199,10169,10163,8.00,2.00,1.00,1.00,1.00,2.00,1.00
1200,10212,10211,8.00,2.00,2.00,1.00,1.00,1.00,1.00
1201,10274,10273,8.00,2.00,2.00,1.00,1.00,2.00,1.00
1202,10324,10338,1.00,2.00,1.00,1.00,1.00,2.00,1.00
1203,10338,10348,1.00,2.00,1.00,1.00,1.00,2.00,1.00
1204,10348,10372,1.00,2.00,1.00,1.00,1.00,2.00,1.00
1205,10372,10387,8.00,1.00,1.00,1.00,1.00,2.00,1.00
1206,10387,10425,1.00,2.00,1.00,1.00,1.00,2.00,1.00
1207,10425,10434,1.00,2.00,1.00,1.00,1.00,2.00,1.00
1208,10382,10384,8.00,1.00,1.00,1.00,1.00,2.00,1.00
1209,10384,10403,1.00,2.00,2.00,1.00,1.00,2.00,1.00
1210,10403,10404,1.00,2.00,1.00,1.00,1.00,2.00,1.00
1211,10404,10434,1.00,2.00,1.00,1.00,1.00,2.00,1.00
1212,10434,10451,1.00,2.00,1.00,1.00,1.00,2.00,1.00
1213,10451,10453,1.00,1.00,2.00,1.00,1.00,2.00,1.00
1214,10453,10455,1.00,1.00,2.00,1.00,1.00,2.00,1.00
1215,10455,10441,1.00,2.00,1.00,1.00,1.00,2.00,1.00
1216,10441,10437,1.00,2.00,1.00,1.00,1.00,2.00,1.00
1217,10437,10429,1.00,2.00,1.00,1.00,1.00,2.00,1.00
1218,10429,10427,1.00,3.00,1.00,1.00,1.00,2.00,1.00
1219,10455,10457,8.00,1.00,1.00,1.00,1.00,2.00,1.00
1220,10457,10459,1.00,3.00,1.00,1.00,1.00,1.00,1.00
1221,10459,10463,1.00,3.00,1.00,1.00,1.00,1.00,1.00
1222,10463,10467,1.00,3.00,1.00,1.00,1.00,1.00,1.00
1223,10467,10473,1.00,1.00,1.00,1.00,1.00,2.00,1.00
1224,10473,10483,1.00,1.00,1.00,1.00,1.00,2.00,1.00
1225,10483,10513,1.00,2.00,1.00,1.00,1.00,2.00,1.00
1226,10513,10529,1.00,2.00,1.00,1.00,1.00,1.00,1.00
1227,10529,10533,1.00,2.00,1.00,1.00,1.00,1.00,1.00
1228,10533,10530,1.00,2.00,1.00,1.00,1.00,2.00,1.00
1229,10530,10545,1.00,2.00,1.00,1.00,1.00,2.00,1.00
1230,10545,10551,8.00,1.00,1.00,1.00,1.00,2.00,1.00
1231,10551,10555,1.00,1.00,1.00,1.00,1.00,2.00,1.00
1232,10555,10556,1.00,1.00,1.00,1.00,1.00,2.00,1.00
1233,10556,10558,1.00,1.00,1.00,1.00,1.00,2.00,1.00
1234,10558,10554,1.00,1.00,1.00,1.00,1.00,2.00,1.00
1235,10554,10549,1.00,1.00,1.00,1.00,1.00,2.00,1.00
1236,10549,10536,1.00,1.00,1.00,1.00,1.00,2.00,1.00
1237,10536,10532,1.00,1.00,1.00,1.00,1.00,2.00,1.00
1238,10532,10528,1.00,1.00,1.00,1.00,1.00,2.00,1.00
1239,10528,10476,1.00,2.00,1.00,1.00,1.00,2.00,1.00
1240,10476,10475,1.00,1.00,1.00,1.00,1.00,2.00,1.00
1241,10475,10489,1.00,2.00,1.00,1.00,1.00,1.00,1.00
1242,10489,10491,8.00,1.00,1.00,1.00,2.00,1.00,1.00
1243,10453,10458,8.00,1.00,1.00,1.00,1.00,2.00,1.00
1244,10458,10467,8.00,1.00,1.00,1.00,1.00,2.00,1.00
1245,10457,10458,8.00,1.00,1.00,1.00,1.00,2.00,1.00
1246,10453,10476,8.00,1.00,1.00,1.00,1.00,2.00,1.00
1247,10476,10473,8.00,1.00,1.00,1.00,1.00,2.00,1.00
1248,10475,10468,8.00,1.00,1.00,1.00,1.00,2.00,1.00
1249,10669,10647,1.00,1.00,1.00,1.00,1.00,2.00,1.00
1250,10647,10643,1.00,1.00,1.00,1.00,1.00,2.00,1.00
1251,10643,10642,1.00,2.00,1.00,1.00,1.00,2.00,1.00
1252,10642,10639,1.00,3.00,1.00,1.00,1.00,2.00,1.00
1253,10639,10629,8.00,1.00,1.00,1.00,1.00,2.00,1.00
1254,10629,10611,1.00,1.00,1.00,1.00,1.00,2.00,1.00
1255,10611,10599,1.00,1.00,1.00,1.00,1.00,2.00,1.00
1256,10599,10604,1.00,1.00,1.00,1.00,1.00,2.00,1.00
1257,10604,10606,1.00,1.00,1.00,1.00,1.00,2.00,1.00
1258,10604,10615,8.00,1.00,1.00,1.00,1.00,2.00,1.00
1259,10615,10624,1.00,1.00,1.00,1.00,1.00,2.00,1.00
1260,10624,10646,8.00,1.00,1.00,1.00,1.00,2.00,1.00
1261,10648,10647,8.00,1.00,1.00,1.00,1.00,2.00,1.00
1262,10532,10539,1.00,1.00,1.00,1.00,1.00,2.00,1.00
1263,10539,10546,1.00,1.00,2.00,1.00,1.00,2.00,1.00
1264,10546,10552,1.00,1.00,2.00,1.00,1.00,2.00,1.00
1265,10552,10568,1.00,1.00,2.00,1.00,1.00,2.00,1.00
1266,10568,10588,1.00,1.00,1.00,1.00,1.00,2.00,1.00
1267,10588,10606,1.00,1.00,2.00,1.00,1.00,2.00,1.00
1268,10606,10637,1.00,1.00,1.00,1.00,1.00,2.00,1.00
1269,10637,10645,8.00,1.00,1.00,1.00,1.00,2.00,1.00
1270,10645,10649,8.00,1.00,1.00,1.00,1.00,2.00,1.00
1271,10649,10646,1.00,1.00,1.00,1.00,1.00,2.00,1.00
1272,10646,10648,1.00,1.00,1.00,1.00,1.00,2.00,1.00
1273,10648,10670,1.00,1.00,1.00,1.00,1.00,2.00,1.00
1274,10645,10667,2.00,1.00,1.00,1.00,1.00,1.00,1.00
1275,10667,10679,2.00,1.00,1.00,1.00,1.00,1.00,1.00
1276,10679,10701,2.00,1.00,1.00,1.00,1.00,1.00,1.00
1277,10701,10717,2.00,1.00,1.00,1.00,1.00,1.00,1.00
1278,10717,10759,2.00,1.00,1.00,1.00,1.00,1.00,1.00
1279,10759,10770,2.00,1.00,1.00,1.00,1.00,1.00,1.00
1280,10326,10374,1.00,2.00,1.00,1.00,1.00,2.00,1.00
1281,10374,10389,1.00,2.00,1.00,1.00,1.00,2.00,1.00
1282,10389,10395,8.00,1.00,1.00,1.00,1.00,2.00,1.00
1283,10395,10458,1.00,2.00,1.00,1.00,1.00,2.00,1.00
1284,10458,10466,1.00,1.00,1.00,1.00,1.00,2.00,1.00
1285,10466,10468,1.00,2.00,1.00,1.00,1.00,2.00,1.00
1286,10468,10478,1.00,2.00,1.00,1.00,1.00,2.00,1.00
1287,10478,10481,8.00,1.00,1.00,1.00,1.00,2.00,1.00
1288,10481,10506,1.00,2.00,1.00,1.00,1.00,2.00,1.00
1289,10506,10510,8.00,1.00,1.00,1.00,1.00,2.00,1.00
1290,10510,10524,1.00,2.00,1.00,1.00,1.00,2.00,1.00
1291,10524,10525,2.00,1.00,1.00,1.00,1.00,1.00,1.00
1292,10525,10527,2.00,1.00,1.00,1.00,1.00,1.00,1.00
1293,10527,10534,2.00,1.00,1.00,1.00,1.00,1.00,1.00
1294,10534,10550,2.00,1.00,1.00,1.00,1.00,1.00,1.00
1295,10550,10572,2.00,1.00,1.00,1.00,1.00,1.00,1.00
1296,10572,10587,2.00,1.00,1.00,1.00,1.00,1.00,1.00
1297,10587,10590,2.00,1.00,1.00,1.00,1.00,1.00,1.00
1298,10590,10589,2.00,1.00,1.00,1.00,1.00,1.00,1.00
1299,10589,10586,2.00,1.00,1.00,1.00,1.00,1.00,1.00
1300,10586,10581,2.00,1.00,1.00,1.00,1.00,1.00,1.00
1301,10581,10580,2.00,1.00,1.00,1.00,1.00,1.00,1.00
1302,10580,10573,2.00,1.00,1.00,1.00,1.00,1.00,1.00
1303,10527,10560,2.00,1.00,1.00,1.00,1.00,1.00,1.00
1304,10560,10574,2.00,1.00,2.00,1.00,1.00,1.00,1.00
1305,10574,10594,4.00,1.00,1.00,1.00,1.00,1.00,1.00
1306,10830,10667,2.00,1.00,1.00,1.00,1.00,1.00,1.00
1307,10667,10672,2.00,1.00,1.00,1.00,1.00,1.00,1.00
1308,10672,10676,2.00,1.00,1.00,1.00,1.00,1.00,1.00
1309,10676,10678,2.00,1.00,1.00,1.00,1.00,1.00,1.00
1310,10678,10690,1.00,1.00,1.00,1.00,1.00,2.00,1.00
1311,10690,10692,8.00,1.00,1.00,1.00,2.00,2.00,1.00
1312,10692,10695,1.00,1.00,1.00,1.00,2.00,2.00,1.00
1313,10695,10697,8.00,1.00,1.00,1.00,2.00,2.00,1.00
1314,10587,10593,1.00,1.00,1.00,1.00,1.00,2.00,1.00
1315,10593,10601,4.00,2.00,2.00,1.00,1.00,2.00,1.00
1316,10601,10617,1.00,1.00,1.00,1.00,1.00,2.00,1.00
1317,10617,10668,2.00,1.00,1.00,1.00,1.00,1.00,1.00
1318,10668,10701,2.00,1.00,1.00,1.00,1.00,1.00,1.00
1319,10701,10752,2.00,1.00,1.00,1.00,1.00,1.00,1.00
1320,10752,10760,2.00,1.00,1.00,1.00,1.00,1.00,1.00
1321,10577,10580,8.00,1.00,1.00,1.00,1.00,2.00,1.00
1322,10580,10582,8.00,1.00,1.00,1.00,1.00,2.00,1.00
1323,10582,10583,2.00,1.00,1.00,1.00,1.00,2.00,1.00
1324,10583,10585,2.00,1.00,1.00,1.00,1.00,2.00,1.00
1325,10585,10581,8.00,1.00,1.00,1.00,1.00,2.00,1.00
1326,10581,10578,8.00,1.00,1.00,1.00,1.00,2.00,1.00
1327,10583,10592,2.00,1.00,1.00,1.00,1.00,2.00,1.00
1328,10592,10605,4.00,1.00,2.00,1.00,1.00,2.00,1.00
1329,10605,10650,2.00,1.00,1.00,1.00,1.00,1.00,1.00
1330,10650,10658,2.00,1.00,1.00,1.00,1.00,1.00,1.00
1331,10658,10666,2.00,1.00,1.00,1.00,1.00,1.00,1.00
1332,10666,10671,2.00,1.00,1.00,1.00,1.00,1.00,1.00
1333,10671,10675,2.00,1.00,1.00,1.00,1.00,1.00,1.00
1334,10675,10705,2.00,1.00,1.00,1.00,1.00,1.00,1.00
1335,10705,10749,2.00,1.00,1.00,1.00,1.00,1.00,1.00
1336,10749,10759,2.00,1.00,1.00,1.00,1.00,1.00,1.00
1337,10669,10670,8.00,1.00,1.00,1.00,1.00,2.00,1.00
1338,10670,10677,8.00,1.00,1.00,1.00,1.00,2.00,1.00
1339,10677,10669,8.00,1.00,1.00,1.00,1.00,2.00,1.00
1340,10669,10673,8.00,1.00,1.00,1.00,1.00,2.00,1.00
1341,10673,10670,8.00,1.00,1.00,1.00,1.00,2.00,1.00
1342,10685,10691,8.00,1.00,1.00,1.00,1.00,2.00,1.00
1343,10762,10765,8.00,1.00,1.00,1.00,1.00,2.00,1.00
1344,10765,10771,1.00,1.00,1.00,1.00,1.00,2.00,1.00
1345,10771,10776,8.00,1.00,1.00,1.00,1.00,2.00,1.00
1346,10794,10799,8.00,1.00,1.00,1.00,1.00,2.00,1.00
1347,10799,10802,8.00,1.00,1.00,1.00,1.00,2.00,1.00
1348,10802,10800,8.00,1.00,1.00,1.00,1.00,2.00,1.00
1349,10800,10799,8.00,1.00,1.00,1.00,1.00,2.00,1.00
1350,10799,10798,8.00,1.00,1.00,1.00,1.00,2.00,1.00
1351,10794,10800,8.00,1.00,1.00,1.00,1.00,2.00,1.00
1352,10799,10806,8.00,1.00,1.00,1.00,1.00,2.00,1.00
1353,10786,10784,1.00,3.00,1.00,1.00,1.00,1.00,1.00
1354,10784,10774,1.00,3.00,1.00,1.00,1.00,1.00,1.00
1355,10774,10767,1.00,3.00,1.00,1.00,1.00,1.00,1.00
1356,10767,10770,2.00,1.00,1.00,1.00,1.00,1.00,1.00
1357,10770,10790,2.00,1.00,1.00,1.00,1.00,1.00,1.00
1358,10790,10791,2.00,1.00,1.00,1.00,1.00,1.00,1.00
1359,10791,10795,1.00,3.00,1.00,1.00,1.00,2.00,1.00
1360,10795,10797,7.00,3.00,1.00,1.00,1.00,2.00,1.00
1361,10797,10798,1.00,1.00,1.00,1.00,1.00,2.00,1.00
1362,10670,10685,1.00,1.00,1.00,1.00,1.00,2.00,1.00
1363,10685,10689,1.00,1.00,1.00,1.00,1.00,2.00,1.00
1364,10689,10690,8.00,1.00,1.00,1.00,1.00,2.00,1.00
1365,10690,10709,1.00,1.00,1.00,1.00,1.00,2.00,1.00
1366,10709,10711,8.00,1.00,1.00,1.00,1.00,2.00,1.00
1367,10711,10758,1.00,1.00,1.00,1.00,1.00,2.00,1.00
1368,10758,10760,8.00,1.00,1.00,1.00,1.00,2.00,1.00
1369,10760,10762,8.00,1.00,1.00,1.00,1.00,2.00,1.00
1370,10762,10794,1.00,2.00,1.00,1.00,1.00,2.00,1.00
1371,10794,10798,8.00,1.00,1.00,1.00,1.00,2.00,1.00
1372,10798,10800,1.00,1.00,1.00,1.00,1.00,2.00,1.00
1373,10800,10806,1.00,1.00,1.00,1.00,1.00,2.00,1.00
1374,10806,10805,8.00,1.00,1.00,1.00,1.00,2.00,1.00
1375,10805,10802,8.00,1.00,1.00,1.00,1.00,2.00,1.00
1376,10802,10776,1.00,2.00,1.00,1.00,1.00,2.00,1.00
1377,10776,10751,1.00,2.00,1.00,1.00,1.00,2.00,1.00
1378,10751,10746,1.00,2.00,1.00,1.00,1.00,2.00,1.00
1379,10746,10720,1.00,2.00,1.00,1.00,1.00,2.00,1.00
1380,10720,10718,1.00,1.00,1.00,1.00,1.00,2.00,1.00
1381,10718,10704,1.00,1.00,1.00,1.00,1.00,2.00,1.00
1382,10704,10700,1.00,1.00,1.00,1.00,1.00,2.00,1.00
1383,10700,10698,8.00,1.00,1.00,1.00,1.00,2.00,1.00
1384,10698,10697,1.00,3.00,1.00,1.00,1.00,2.00,1.00
1385,10697,10693,1.00,2.00,1.00,1.00,1.00,2.00,1.00
1386,10693,10691,8.00,1.00,1.00,1.00,2.00,2.00,1.00
1387,10691,10677,1.00,1.00,1.00,1.00,1.00,2.00,1.00
1388,10677,10673,1.00,1.00,1.00,1.00,1.00,2.00,1.00
1389,10673,10665,1.00,1.00,1.00,1.00,1.00,2.00,1.00
1390,10665,10662,8.00,1.00,1.00,1.00,1.00,2.00,1.00
1391,10805,10811,2.00,1.00,1.00,1.00,1.00,1.00,1.00
1392,10811,10814,2.00,1.00,1.00,1.00,1.00,1.00,1.00
1393,10814,10813,8.00,1.00,1.00,1.00,1.00,2.00,1.00
1394,10813,10815,8.00,1.00,1.00,1.00,1.00,2.00,1.00
1395,10815,10818,8.00,1.00,1.00,1.00,1.00,2.00,1.00
1396,10814,10816,8.00,1.00,1.00,1.00,1.00,2.00,1.00
1397,10816,10819,1.00,3.00,1.00,1.00,1.00,2.00,1.00
1398,10819,10821,1.00,3.00,1.00,1.00,1.00,2.00,1.00
1399,10821,10822,1.00,3.00,1.00,1.00,1.00,2.00,1.00
1400,10822,10825,1.00,3.00,1.00,1.00,1.00,2.00,1.00
1401,10825,10826,8.00,1.00,1.00,1.00,1.00,2.00,1.00
1402,10822,10824,8.00,1.00,1.00,1.00,1.00,2.00,1.00
1403,10824,10823,1.00,3.00,1.00,1.00,1.00,2.00,1.00
1404,10823,10820,1.00,3.00,1.00,1.00,1.00,2.00,1.00
1405,10820,10819,8.00,1.00,1.00,1.00,1.00,2.00,1.00
1406,10815,10807,2.00,1.00,1.00,1.00,1.00,1.00,1.00
1407,10807,10785,2.00,1.00,1.00,1.00,1.00,1.00,1.00
1408,10785,10781,2.00,1.00,1.00,1.00,1.00,1.00,1.00
1409,10781,10780,2.00,1.00,1.00,1.00,1.00,1.00,1.00
1410,10780,10773,2.00,1.00,1.00,1.00,1.00,1.00,1.00
1411,10773,10768,2.00,1.00,1.00,1.00,1.00,1.00,1.00
1412,10764,10768,8.00,1.00,1.00,1.00,1.00,1.00,1.00
1413,10768,10772,8.00,1.00,1.00,1.00,1.00,1.00,1.00
1414,10769,10773,8.00,1.00,1.00,1.00,1.00,1.00,1.00
1415,10773,10775,8.00,1.00,1.00,1.00,1.00,1.00,1.00
1416,10510,10518,8.00,1.00,1.00,1.00,1.00,2.00,1.00
1417,10001,10003,1.00,2.00,1.00,1.00,1.00,1.00,1.00
1418,10003,10012,1.00,2.00,1.00,1.00,1.00,1.00,1.00
1419,10012,10016,1.00,2.00,1.00,1.00,1.00,1.00,1.00
1420,10016,10021,1.00,2.00,1.00,1.00,1.00,1.00,1.00
1421,10021,10023,1.00,2.00,1.00,1.00,1.00,1.00,1.00
1422,10023,10026,1.00,2.00,1.00,1.00,1.00,1.00,1.00
1423,10026,10028,1.00,2.00,1.00,1.00,1.00,1.00,1.00
1424,10028,10031,1.00,3.00,2.00,1.00,1.00,1.00,1.00
1425,10031,10034,1.00,2.00,1.00,1.00,1.00,1.00,1.00
1426,10034,10087,1.00,2.00,1.00,1.00,1.00,1.00,1.00
1427,10087,10095,1.00,3.00,2.00,1.00,1.00,1.00,1.00
1428,10095,10121,1.00,2.00,1.00,1.00,1.00,1.00,1.00
1429,10121,10124,1.00,2.00,1.00,1.00,1.00,1.00,1.00
1430,10124,10125,1.00,3.00,2.00,1.00,1.00,1.00,1.00
1431,10125,10133,1.00,2.00,1.00,1.00,1.00,1.00,1.00
1432,10133,10134,1.00,3.00,2.00,1.00,1.00,1.00,1.00
1433,10134,10138,1.00,2.00,1.00,1.00,1.00,1.00,1.00
1434,10138,10141,1.00,2.00,1.00,1.00,1.00,1.00,1.00
1435,10141,10155,1.00,2.00,1.00,1.00,1.00,1.00,1.00
1436,10155,10172,1.00,2.00,1.00,1.00,1.00,1.00,1.00
1437,10172,10173,1.00,3.00,2.00,1.00,1.00,1.00,1.00
1438,10173,10188,1.00,2.00,1.00,1.00,1.00,1.00,1.00
1439,10188,10189,1.00,3.00,2.00,1.00,1.00,1.00,1.00
1440,10189,10194,1.00,2.00,1.00,1.00,1.00,1.00,1.00
1441,10194,10199,1.00,2.00,1.00,1.00,1.00,1.00,1.00
1442,10199,10213,1.00,2.00,1.00,1.00,1.00,1.00,1.00
1443,10213,10215,1.00,3.00,1.00,1.00,1.00,1.00,1.00
1444,10215,10220,1.00,2.00,1.00,1.00,1.00,1.00,1.00
1445,10220,10221,1.00,3.00,2.00,2.00,1.00,1.00,1.00
1446,10221,10235,1.00,2.00,1.00,1.00,1.00,1.00,1.00
1447,10235,10237,6.00,3.00,1.00,1.00,1.00,1.00,1.00
1448,10237,10238,6.00,3.00,1.00,1.00,1.00,1.00,1.00
1449,10238,10240,1.00,2.00,1.00,1.00,1.00,1.00,1.00
1450,10215,10219,1.00,2.00,1.00,1.00,1.00,1.00,1.00
1451,10219,10221,1.00,2.00,1.00,2.00,1.00,1.00,1.00
1452,10235,10236,7.00,3.00,2.00,1.00,1.00,1.00,1.00
1453,10236,10238,7.00,3.00,2.00,1.00,1.00,1.00,1.00
1454,10003,10002,8.00,2.00,1.00,1.00,1.00,2.00,1.00
1455,10002,10006,1.00,2.00,1.00,1.00,1.00,1.00,1.00
1456,10006,10007,8.00,2.00,1.00,1.00,1.00,1.00,1.00
1457,10007,10008,1.00,2.00,1.00,1.00,1.00,1.00,1.00
1458,10008,10009,1.00,2.00,1.00,1.00,1.00,1.00,1.00
1459,10009,10010,1.00,3.00,1.00,1.00,1.00,1.00,1.00
1460,10010,10011,1.00,3.00,1.00,1.00,1.00,1.00,1.00
1461,10011,10014,1.00,3.00,1.00,1.00,1.00,1.00,1.00
1462,10014,10017,1.00,3.00,1.00,1.00,1.00,1.00,1.00
1463,10017,10018,1.00,3.00,1.00,1.00,1.00,1.00,1.00
1464,10018,10019,1.00,3.00,1.00,1.00,1.00,1.00,1.00
1465,10019,10020,1.00,3.00,1.00,1.00,1.00,1.00,1.00
1466,10020,10022,1.00,3.00,1.00,1.00,1.00,1.00,1.00
1467,10022,10024,8.00,2.00,1.00,1.00,1.00,2.00,1.00
1468,10024,10027,1.00,2.00,1.00,1.00,1.00,1.00,1.00
1469,10027,10029,1.00,2.00,1.00,1.00,1.00,1.00,1.00
1470,10029,10032,1.00,2.00,1.00,1.00,1.00,1.00,1.00
1471,10032,10033,2.00,3.00,1.00,1.00,2.00,2.00,1.00
1472,10033,10035,2.00,3.00,1.00,1.00,2.00,2.00,1.00
1473,10035,10085,1.00,2.00,1.00,1.00,1.00,1.00,1.00
1474,10085,10091,8.00,2.00,1.00,1.00,2.00,2.00,1.00
1475,10091,10120,1.00,2.00,1.00,1.00,1.00,1.00,1.00
1476,10120,10122,1.00,2.00,1.00,1.00,1.00,1.00,1.00
1477,10122,10131,1.00,2.00,1.00,1.00,1.00,1.00,1.00
1478,10131,10135,8.00,2.00,1.00,1.00,1.00,2.00,1.00
1479,10135,10140,2.00,3.00,1.00,1.00,1.00,1.00,1.00
1480,10140,10145,2.00,3.00,1.00,1.00,1.00,1.00,1.00
1481,10145,10147,8.00,2.00,1.00,1.00,1.00,1.00,1.00
1482,10147,10157,2.00,3.00,1.00,1.00,1.00,1.00,1.00
1483,10157,10171,2.00,3.00,1.00,1.00,1.00,1.00,1.00
1484,10171,10177,8.00,2.00,1.00,1.00,1.00,1.00,1.00
1485,10177,10193,1.00,2.00,1.00,1.00,1.00,1.00,1.00
1486,10193,10195,2.00,2.00,1.00,1.00,1.00,1.00,1.00
1487,10195,10197,1.00,2.00,1.00,1.00,1.00,1.00,1.00
1488,10197,10201,1.00,2.00,1.00,1.00,1.00,1.00,1.00
1489,10201,10214,1.00,2.00,1.00,1.00,1.00,1.00,1.00
1490,10214,10216,2.00,3.00,1.00,1.00,1.00,1.00,1.00
1491,10216,10242,1.00,2.00,1.00,1.00,1.00,1.00,1.00
1492,10242,10240,8.00,1.00,1.00,1.00,1.00,2.00,1.00
1493,10216,10215,8.00,1.00,1.00,1.00,1.00,1.00,1.00
1494,10177,10173,8.00,2.00,1.00,1.00,1.00,1.00,1.00
1495,10171,10172,8.00,2.00,1.00,1.00,1.00,1.00,1.00
1496,10085,10087,8.00,2.00,1.00,1.00,1.00,2.00,1.00
1497,10033,10034,8.00,2.00,1.00,1.00,1.00,2.00,1.00
1498,10016,10010,8.00,1.00,1.00,1.00,1.00,2.00,1.00
1499,10240,10248,1.00,2.00,1.00,1.00,1.00,1.00,1.00
1500,10248,10267,1.00,2.00,1.00,1.00,1.00,1.00,1.00
1501,10267,10276,1.00,3.00,1.00,1.00,1.00,1.00,1.00
1502,10276,10297,1.00,2.00,1.00,1.00,1.00,1.00,1.00
1503,10297,10304,1.00,2.00,1.00,1.00,1.00,1.00,1.00
1504,10304,10309,1.00,2.00,1.00,1.00,1.00,1.00,1.00
1505,10309,10319,1.00,2.00,2.00,1.00,1.00,1.00,1.00
1506,10319,10333,1.00,3.00,1.00,1.00,1.00,1.00,1.00
1507,10333,10366,1.00,2.00,1.00,1.00,1.00,1.00,1.00
1508,10366,10436,1.00,2.00,1.00,1.00,1.00,1.00,1.00
1509,10436,10461,1.00,2.00,1.00,1.00,1.00,1.00,1.00
1510,10461,10469,1.00,2.00,1.00,2.00,1.00,1.00,1.00
1511,10469,10538,1.00,2.00,1.00,1.00,1.00,1.00,1.00
1512,10538,10596,1.00,2.00,1.00,1.00,1.00,1.00,1.00
1513,10596,10600,6.00,2.00,1.00,1.00,1.00,1.00,1.00
1514,10242,10245,1.00,3.00,1.00,1.00,1.00,1.00,1.00
1515,10245,10247,8.00,1.00,1.00,1.00,1.00,2.00,1.00
1516,10247,10249,1.00,2.00,1.00,1.00,1.00,1.00,1.00
1517,10249,10258,1.00,2.00,1.00,1.00,1.00,1.00,1.00
1518,10258,10280,1.00,2.00,2.00,1.00,1.00,1.00,1.00
1519,10280,10286,1.00,2.00,1.00,1.00,1.00,1.00,1.00
1520,10286,10292,1.00,2.00,1.00,1.00,1.00,1.00,1.00
1521,10292,10293,1.00,2.00,2.00,1.00,1.00,1.00,1.00
1522,10293,10294,1.00,2.00,2.00,1.00,1.00,1.00,1.00
1523,10294,10300,1.00,2.00,1.00,1.00,1.00,1.00,1.00
1524,10300,10305,1.00,2.00,1.00,1.00,1.00,1.00,1.00
1525,10305,10311,8.00,2.00,1.00,1.00,1.00,2.00,1.00
1526,10311,10310,1.00,2.00,1.00,1.00,1.00,1.00,1.00
1527,10310,10315,1.00,2.00,1.00,1.00,1.00,1.00,1.00
1528,10315,10322,1.00,3.00,1.00,1.00,1.00,1.00,1.00
1529,10322,10344,1.00,3.00,1.00,1.00,1.00,1.00,1.00
1530,10344,10347,1.00,3.00,1.00,1.00,1.00,1.00,1.00
1531,10347,10364,1.00,3.00,1.00,1.00,1.00,1.00,1.00
1532,10364,10368,1.00,3.00,1.00,1.00,1.00,1.00,1.00
1533,10368,10377,1.00,3.00,1.00,1.00,1.00,1.00,1.00
1534,10377,10379,1.00,3.00,1.00,1.00,1.00,1.00,1.00
1535,10379,10438,1.00,3.00,1.00,1.00,1.00,1.00,1.00
1536,10438,10446,1.00,3.00,2.00,1.00,1.00,1.00,1.00
1537,10446,10472,1.00,3.00,1.00,1.00,1.00,1.00,1.00
1538,10472,10523,1.00,3.00,1.00,1.00,1.00,1.00,1.00
1539,10523,10531,1.00,3.00,1.00,1.00,1.00,1.00,1.00
1540,10531,10541,1.00,3.00,2.00,1.00,1.00,1.00,1.00
1541,10541,10602,1.00,3.00,1.00,1.00,1.00,1.00,1.00
1542,10602,10614,6.00,3.00,1.00,1.00,1.00,1.00,1.00
1543,10614,10620,2.00,1.00,2.00,1.00,1.00,1.00,1.00
1544,10620,10654,2.00,1.00,1.00,1.00,1.00,1.00,1.00
1545,10654,10664,2.00,1.00,1.00,1.00,1.00,1.00,1.00
1546,10664,10683,2.00,1.00,1.00,1.00,1.00,1.00,1.00
1547,10683,10688,2.00,1.00,1.00,1.00,1.00,1.00,1.00
1548,10688,10694,2.00,1.00,1.00,1.00,1.00,1.00,1.00
1549,10694,10699,2.00,1.00,1.00,1.00,1.00,1.00,1.00
1550,10699,10706,2.00,1.00,1.00,1.00,1.00,1.00,1.00
1551,10706,10707,2.00,1.00,1.00,1.00,1.00,1.00,1.00
1552,10707,10708,2.00,1.00,1.00,1.00,1.00,1.00,1.00
1553,10708,10710,2.00,1.00,1.00,1.00,1.00,1.00,1.00
1554,10710,10713,2.00,1.00,1.00,1.00,1.00,1.00,1.00
1555,10713,10714,8.00,1.00,1.00,1.00,1.00,1.00,1.00
1556,10714,10715,8.00,1.00,1.00,1.00,1.00,1.00,1.00
1557,10715,10716,2.00,1.00,1.00,1.00,1.00,1.00,1.00
1558,10716,10719,2.00,1.00,1.00,1.00,1.00,1.00,1.00
1559,10304,10310,8.00,2.00,1.00,1.00,1.00,1.00,1.00
1560,10297,10300,8.00,2.00,1.00,1.00,1.00,2.00,1.00
1561,10249,10248,8.00,2.00,1.00,1.00,1.00,2.00,1.00
1562,10245,10250,1.00,3.00,1.00,1.00,1.00,1.00,1.00
1563,10250,10251,1.00,3.00,1.00,1.00,1.00,1.00,1.00
1564,10251,10270,1.00,3.00,1.00,1.00,1.00,1.00,1.00
1565,10270,10271,1.00,3.00,1.00,1.00,1.00,1.00,1.00
1566,10271,10278,2.00,1.00,1.00,1.00,1.00,1.00,1.00
1567,10278,10275,1.00,3.00,1.00,1.00,1.00,1.00,1.00
1568,10275,10265,1.00,3.00,1.00,1.00,1.00,1.00,1.00
1569,10265,10264,1.00,3.00,2.00,1.00,1.00,1.00,1.00
1570,10264,10256,1.00,3.00,1.00,1.00,1.00,1.00,1.00
1571,10256,10255,8.00,2.00,2.00,1.00,1.00,2.00,1.00
1572,10255,10252,8.00,2.00,2.00,1.00,1.00,2.00,1.00
1573,10252,10247,1.00,2.00,1.00,1.00,1.00,1.00,1.00
1574,10250,10252,8.00,2.00,1.00,1.00,1.00,2.00,1.00
1575,10251,10256,8.00,2.00,1.00,1.00,2.00,2.00,1.00
1576,10255,10282,2.00,1.00,1.00,1.00,1.00,1.00,1.00
1577,10282,10287,2.00,1.00,1.00,1.00,1.00,1.00,1.00
1578,10287,10289,2.00,1.00,1.00,1.00,1.00,1.00,1.00
1579,10289,10290,8.00,1.00,1.00,1.00,1.00,1.00,1.00
1580,10290,10291,8.00,1.00,1.00,1.00,1.00,1.00,1.00
1581,10291,10295,2.00,1.00,1.00,1.00,1.00,1.00,1.00
1582,10278,10290,2.00,1.00,1.00,1.00,1.00,1.00,1.00
1583,10290,10320,2.00,1.00,1.00,1.00,1.00,1.00,1.00
1584,10320,10329,2.00,1.00,1.00,1.00,1.00,1.00,1.00
1585,10329,10370,2.00,1.00,1.00,1.00,1.00,1.00,1.00
1586,10305,10323,1.00,2.00,1.00,1.00,1.00,1.00,1.00
1587,10323,10331,1.00,2.00,1.00,1.00,1.00,1.00,1.00
1588,10331,10354,1.00,2.00,1.00,1.00,1.00,1.00,1.00
1589,10354,10359,1.00,2.00,2.00,1.00,1.00,1.00,1.00
1590,10359,10367,1.00,2.00,1.00,1.00,1.00,1.00,1.00
1591,10367,10370,8.00,2.00,1.00,1.00,1.00,2.00,1.00
1592,10370,10375,8.00,2.00,1.00,1.00,1.00,2.00,1.00
1593,10375,10383,8.00,2.00,1.00,1.00,1.00,2.00,1.00
1594,10383,10378,8.00,2.00,1.00,1.00,1.00,2.00,1.00
1595,10378,10342,1.00,2.00,1.00,1.00,1.00,1.00,1.00
1596,10342,10311,1.00,2.00,1.00,1.00,1.00,1.00,1.00
1597,10683,10681,8.00,2.00,1.00,1.00,1.00,1.00,1.00
1598,10681,10684,8.00,2.00,1.00,1.00,1.00,1.00,1.00
1599,10684,10686,8.00,2.00,1.00,1.00,1.00,1.00,1.00
1600,10686,10688,2.00,1.00,1.00,1.00,1.00,1.00,1.00
1601,10517,10621,2.00,1.00,1.00,1.00,1.00,1.00,1.00
1602,10621,10684,2.00,1.00,1.00,1.00,1.00,1.00,1.00
1603,10367,10378,8.00,2.00,1.00,1.00,1.00,2.00,1.00
1604,10383,10385,1.00,3.00,1.00,1.00,1.00,1.00,1.00
1605,10385,10392,1.00,3.00,1.00,1.00,1.00,1.00,1.00
1606,10392,10412,1.00,3.00,1.00,1.00,1.00,1.00,1.00
1607,10412,10414,1.00,3.00,1.00,1.00,1.00,1.00,1.00
1608,10414,10424,1.00,3.00,1.00,1.00,1.00,1.00,1.00
1609,10424,10426,2.00,2.00,1.00,1.00,1.00,1.00,1.00
1610,10428,10435,2.00,3.00,1.00,1.00,1.00,1.00,1.00
1611,10435,10447,2.00,3.00,1.00,1.00,1.00,1.00,1.00
1612,10447,10448,2.00,3.00,1.00,1.00,1.00,1.00,1.00
1613,10448,10562,2.00,1.00,1.00,1.00,1.00,1.00,1.00
1614,10569,10712,2.00,1.00,1.00,1.00,1.00,1.00,1.00
1615,10712,10714,8.00,1.00,1.00,1.00,1.00,1.00,1.00
1616,10360,10361,8.00,1.00,1.00,1.00,1.00,2.00,1.00
1617,10361,10371,1.00,2.00,1.00,1.00,1.00,1.00,1.00
1618,10371,10380,1.00,2.00,1.00,1.00,1.00,1.00,1.00
1619,10380,10394,1.00,2.00,1.00,1.00,1.00,1.00,1.00
1620,10394,10399,1.00,2.00,1.00,1.00,1.00,1.00,1.00
1621,10399,10410,1.00,2.00,1.00,1.00,1.00,1.00,1.00
1622,10410,10422,1.00,2.00,1.00,1.00,1.00,1.00,1.00
1623,10422,10465,1.00,2.00,1.00,1.00,1.00,1.00,1.00
1624,10465,10480,1.00,2.00,1.00,1.00,1.00,1.00,1.00
1625,10480,10486,4.00,1.00,1.00,1.00,1.00,1.00,1.00
1626,10486,10535,1.00,2.00,1.00,1.00,1.00,1.00,1.00
1627,10535,10540,1.00,2.00,1.00,1.00,1.00,1.00,1.00
1628,10540,10542,1.00,2.00,1.00,1.00,1.00,1.00,1.00
1629,10542,10543,1.00,2.00,1.00,1.00,1.00,1.00,1.00
1630,10543,10504,1.00,1.00,1.00,1.00,1.00,2.00,1.00
1631,10504,10502,8.00,1.00,1.00,1.00,1.00,2.00,1.00
1632,10502,10499,8.00,1.00,1.00,1.00,1.00,2.00,1.00
1633,10499,10493,1.00,2.00,2.00,1.00,1.00,2.00,1.00
1634,10493,10479,1.00,2.00,2.00,1.00,1.00,2.00,1.00
1635,10464,10465,8.00,2.00,1.00,1.00,1.00,2.00,1.00
1636,10543,10553,8.00,1.00,1.00,1.00,1.00,2.00,1.00
1637,10542,10564,8.00,1.00,1.00,1.00,1.00,2.00,1.00
1638,10349,10345,8.00,1.00,1.00,1.00,1.00,2.00,1.00
1639,10345,10355,8.00,1.00,1.00,1.00,1.00,2.00,1.00
1640,10355,10356,1.00,2.00,1.00,1.00,1.00,1.00,1.00
1641,10356,10360,1.00,3.00,1.00,1.00,1.00,1.00,1.00
1642,10360,10369,1.00,2.00,1.00,1.00,1.00,1.00,1.00
1643,10369,10376,1.00,2.00,1.00,1.00,1.00,1.00,1.00
1644,10376,10396,1.00,2.00,1.00,1.00,1.00,1.00,1.00
1645,10396,10401,1.00,2.00,1.00,1.00,1.00,1.00,1.00
1646,10401,10405,8.00,1.00,1.00,1.00,1.00,1.00,1.00
1647,10405,10416,1.00,2.00,1.00,1.00,1.00,1.00,1.00
1648,10416,10423,1.00,2.00,1.00,1.00,1.00,1.00,1.00
1649,10423,10464,1.00,2.00,1.00,1.00,1.00,1.00,1.00
1650,10464,10474,1.00,2.00,1.00,1.00,1.00,1.00,1.00
1651,10474,10484,8.00,1.00,1.00,1.00,1.00,1.00,1.00
1652,10484,10487,1.00,2.00,1.00,1.00,1.00,1.00,1.00
1653,10487,10492,4.00,1.00,1.00,1.00,1.00,1.00,1.00
1654,10492,10496,1.00,2.00,1.00,1.00,1.00,1.00,1.00
1655,10496,10500,1.00,2.00,1.00,1.00,1.00,1.00,1.00
1656,10500,10522,1.00,2.00,1.00,1.00,1.00,1.00,1.00
1657,10522,10537,1.00,2.00,1.00,1.00,1.00,1.00,1.00
1658,10537,10548,1.00,1.00,1.00,1.00,1.00,2.00,1.00
1659,10548,10564,8.00,1.00,1.00,1.00,1.00,2.00,1.00
1660,10564,10559,8.00,1.00,1.00,1.00,1.00,2.00,1.00
1661,10559,10557,8.00,1.00,1.00,1.00,1.00,2.00,1.00
1662,10557,10553,1.00,1.00,1.00,1.00,1.00,2.00,1.00
1663,10553,10520,1.00,1.00,1.00,1.00,1.00,2.00,1.00
1664,10520,10514,8.00,1.00,1.00,1.00,1.00,2.00,1.00
1665,10514,10503,1.00,1.00,1.00,1.00,1.00,2.00,1.00
1666,10548,10540,8.00,1.00,1.00,1.00,1.00,2.00,1.00
1667,10548,10557,8.00,1.00,1.00,1.00,1.00,2.00,1.00
1668,10355,10351,1.00,1.00,1.00,1.00,1.00,1.00,1.00
1669,10351,10352,1.00,1.00,1.00,1.00,1.00,1.00,1.00
1670,10352,10357,1.00,1.00,1.00,1.00,1.00,1.00,1.00
1671,10357,10353,2.00,1.00,1.00,1.00,1.00,1.00,1.00
1672,10353,10391,2.00,1.00,1.00,1.00,1.00,1.00,1.00
1673,10391,10386,8.00,1.00,1.00,1.00,1.00,2.00,1.00
1674,10386,10390,8.00,1.00,1.00,1.00,1.00,2.00,1.00
1675,10390,10398,1.00,3.00,1.00,1.00,1.00,2.00,1.00
1676,10398,10402,1.00,3.00,1.00,1.00,1.00,2.00,1.00
1677,10402,10407,1.00,3.00,1.00,1.00,1.00,2.00,1.00
1678,10407,10409,1.00,3.00,1.00,1.00,1.00,2.00,1.00
1679,10409,10415,1.00,3.00,1.00,1.00,1.00,2.00,1.00
1680,10415,10418,8.00,1.00,1.00,1.00,1.00,2.00,1.00
1681,10418,10420,8.00,1.00,1.00,1.00,1.00,2.00,1.00
1682,10420,10427,1.00,3.00,1.00,1.00,1.00,2.00,1.00
1683,10391,10393,8.00,1.00,1.00,1.00,1.00,2.00,1.00
1684,10393,10397,8.00,1.00,1.00,1.00,1.00,2.00,1.00
1685,10397,10390,8.00,1.00,1.00,1.00,1.00,2.00,1.00
1686,10390,10373,1.00,3.00,1.00,1.00,1.00,2.00,1.00
1687,10373,10362,1.00,3.00,1.00,1.00,1.00,2.00,1.00
1688,10362,10334,1.00,3.00,1.00,1.00,1.00,2.00,1.00
1689,10334,10327,1.00,3.00,1.00,1.00,1.00,2.00,1.00
1690,10327,10314,1.00,3.00,1.00,1.00,1.00,2.00,1.00
1691,10314,10312,2.00,1.00,1.00,1.00,1.00,1.00,1.00
1692,10312,10313,2.00,1.00,1.00,1.00,1.00,1.00,1.00
1693,10313,10316,2.00,1.00,1.00,1.00,1.00,1.00,1.00
1694,10316,10321,2.00,1.00,1.00,1.00,1.00,1.00,1.00
1695,10321,10346,2.00,1.00,1.00,1.00,1.00,1.00,1.00
1696,10346,10350,2.00,1.00,1.00,1.00,1.00,1.00,1.00
1697,10350,10358,2.00,1.00,1.00,1.00,1.00,1.00,1.00
1698,10358,10363,2.00,1.00,1.00,1.00,1.00,1.00,1.00
1699,10363,10365,2.00,1.00,1.00,1.00,1.00,1.00,1.00
1700,10365,10388,2.00,1.00,1.00,1.00,1.00,1.00,1.00
1701,10388,10418,2.00,1.00,1.00,1.00,1.00,1.00,1.00
1702,10431,10442,1.00,2.00,1.00,1.00,1.00,2.00,1.00
1703,10442,10452,1.00,2.00,1.00,1.00,1.00,2.00,1.00
1704,10452,10485,2.00,1.00,1.00,1.00,1.00,1.00,1.00
1705,10485,10521,2.00,1.00,1.00,1.00,1.00,1.00,1.00
1706,10521,10576,2.00,1.00,1.00,1.00,1.00,1.00,1.00
1707,10619,10607,1.00,3.00,1.00,1.00,1.00,2.00,1.00
1708,10607,10626,1.00,3.00,1.00,1.00,1.00,2.00,1.00
1709,10626,10623,1.00,1.00,1.00,1.00,1.00,2.00,1.00
1710,10623,10628,1.00,1.00,1.00,1.00,1.00,2.00,1.00
1711,10628,10629,8.00,1.00,1.00,1.00,1.00,2.00,1.00
1712,10622,10616,1.00,3.00,1.00,1.00,1.00,2.00,1.00
1713,10616,10627,1.00,3.00,1.00,1.00,1.00,2.00,1.00
1714,10627,10634,1.00,3.00,1.00,1.00,1.00,2.00,1.00
1715,10634,10638,1.00,3.00,1.00,1.00,1.00,2.00,1.00
1716,10638,10639,1.00,3.00,1.00,1.00,1.00,2.00,1.00
1717,10548,10575,1.00,1.00,1.00,1.00,1.00,2.00,1.00
1718,10575,10576,8.00,1.00,1.00,1.00,1.00,2.00,1.00
1719,10576,10579,8.00,1.00,1.00,1.00,1.00,2.00,1.00
1720,10579,10597,1.00,1.00,1.00,1.00,1.00,2.00,1.00
1001,10004,10005,2.00,3.00,2.00,1.00,1.00,1.00,1.00
1002,10005,10013,2.00,3.00,2.00,1.00,1.00,1.00,1.00
1003,10013,10025,1.00,3.00,1.00,1.00,1.00,1.00,1.00
1004,10025,10030,1.00,3.00,1.00,1.00,1.00,1.00,1.00
1005,10030,10055,1.00,3.00,1.00,1.00,1.00,1.00,1.00
1006,10055,10060,8.00,2.00,1.00,1.00,1.00,1.00,1.00
1007,10060,10061,8.00,2.00,1.00,1.00,1.00,1.00,1.00
1008,10061,10074,8.00,2.00,1.00,1.00,1.00,1.00,1.00
1009,10074,10077,8.00,2.00,1.00,1.00,1.00,1.00,1.00
1010,10077,10081,8.00,2.00,1.00,1.00,1.00,1.00,1.00
1011,10081,10104,1.00,2.00,1.00,1.00,1.00,1.00,1.00
1012,10104,10108,1.00,3.00,2.00,1.00,1.00,1.00,1.00
1013,10108,10109,1.00,3.00,2.00,1.00,1.00,1.00,1.00
1014,10109,10107,1.00,3.00,2.00,1.00,1.00,1.00,1.00
1015,10107,10105,1.00,3.00,2.00,1.00,1.00,1.00,1.00
1016,10105,10098,1.00,3.00,2.00,1.00,1.00,1.00,1.00
1017,10098,10097,4.00,2.00,2.00,1.00,1.00,1.00,1.00
1018,10097,10096,1.00,3.00,2.00,1.00,1.00,1.00,1.00
1019,10096,10090,1.00,3.00,2.00,1.00,1.00,1.00,1.00
1020,10090,10088,8.00,3.00,2.00,1.00,1.00,2.00,1.00
1021,10088,10073,1.00,3.00,2.00,1.00,1.00,1.00,1.00
1022,10073,10072,1.00,3.00,2.00,1.00,1.00,1.00,1.00
1023,10072,10069,8.00,2.00,2.00,1.00,1.00,2.00,1.00
1024,10069,10066,1.00,3.00,2.00,1.00,1.00,1.00,1.00
1025,10066,10063,2.00,3.00,2.00,1.00,1.00,1.00,1.00
1026,10063,10047,1.00,2.00,2.00,1.00,1.00,1.00,1.00
1027,10047,10046,8.00,3.00,2.00,1.00,1.00,1.00,1.00
1028,10046,10044,1.00,2.00,2.00,1.00,1.00,1.00,1.00
1029,10044,10043,8.00,3.00,2.00,1.00,1.00,1.00,1.00
1030,10043,10039,1.00,2.00,2.00,1.00,1.00,1.00,1.00
1031,10039,10041,1.00,2.00,2.00,1.00,1.00,1.00,1.00
1032,10041,10049,1.00,2.00,2.00,1.00,1.00,1.00,1.00
1033,10049,10054,1.00,2.00,2.00,1.00,1.00,1.00,1.00
1034,10054,10064,1.00,2.00,2.00,1.00,1.00,1.00,1.00
1035,10064,10065,1.00,2.00,2.00,1.00,1.00,1.00,1.00
1036,10065,10062,1.00,2.00,2.00,1.00,1.00,1.00,1.00
1037,10062,10057,1.00,2.00,2.00,1.00,1.00,1.00,1.00
1038,10057,10051,1.00,2.00,2.00,1.00,1.00,1.00,1.00
1039,10051,10040,1.00,2.00,2.00,1.00,1.00,1.00,1.00
1040,10040,10038,1.00,2.00,2.00,1.00,1.00,1.00,1.00
1041,10038,10036,1.00,2.00,2.00,1.00,1.00,1.00,1.00
1042,10036,10037,8.00,2.00,1.00,1.00,1.00,2.00,1.00
1043,10037,10042,1.00,2.00,2.00,1.00,1.00,1.00,1.00
1044,10042,10045,1.00,2.00,2.00,1.00,1.00,1.00,1.00
1045,10045,10048,1.00,2.00,2.00,1.00,1.00,1.00,1.00
1046,10048,10071,1.00,2.00,2.00,1.00,1.00,1.00,1.00
1047,10071,10076,1.00,2.00,2.00,1.00,1.00,1.00,1.00
1048,10076,10078,1.00,2.00,2.00,1.00,1.00,1.00,1.00
1049,10078,10079,1.00,2.00,2.00,1.00,1.00,1.00,1.00
1050,10079,10070,1.00,2.00,2.00,1.00,1.00,1.00,1.00
1051,10070,10068,8.00,2.00,1.00,1.00,1.00,2.00,1.00
1052,10068,10052,1.00,2.00,2.00,1.00,1.00,1.00,1.00
1053,10052,10050,1.00,2.00,2.00,1.00,1.00,1.00,1.00
1054,10050,10053,1.00,2.00,2.00,1.00,1.00,1.00,1.00
1055,10053,10056,1.00,2.00,2.00,1.00,1.00,1.00,1.00
1056,10056,10058,8.00,3.00,2.00,1.00,1.00,1.00,1.00
1057,10058,10075,1.00,2.00,2.00,1.00,1.00,1.00,1.00
1058,10075,10082,1.00,2.00,2.00,1.00,1.00,1.00,1.00
1059,10082,10089,1.00,1.00,1.00,1.00,1.00,2.00,1.00
1060,10089,10092,1.00,1.00,1.00,1.00,1.00,2.00,1.00
1061,10092,10115,1.00,3.00,2.00,1.00,1.00,1.00,1.00
1062,10115,10119,2.00,3.00,2.00,1.00,1.00,2.00,1.00
1063,10119,10126,1.00,3.00,2.00,1.00,1.00,1.00,1.00
1064,10126,10128,1.00,3.00,2.00,1.00,1.00,1.00,1.00
1065,10128,10130,8.00,2.00,2.00,1.00,1.00,2.00,1.00
1066,10130,10137,1.00,3.00,2.00,1.00,1.00,1.00,1.00
1067,10137,10142,1.00,3.00,2.00,1.00,1.00,1.00,1.00
1068,10142,10144,1.00,3.00,2.00,1.00,1.00,1.00,1.00
1069,10144,10146,2.00,3.00,1.00,1.00,1.00,2.00,1.00
1070,10146,10152,1.00,3.00,2.00,1.00,1.00,1.00,1.00
1071,10152,10154,1.00,3.00,2.00,1.00,1.00,1.00,1.00
1072,10154,10153,1.00,3.00,2.00,1.00,1.00,1.00,1.00
1073,10153,10150,1.00,3.00,2.00,1.00,1.00,1.00,1.00
1074,10150,10151,2.00,3.00,1.00,1.00,2.00,1.00,1.00
1075,10151,10158,1.00,3.00,2.00,1.00,1.00,1.00,1.00
1076,10158,10161,1.00,3.00,2.00,1.00,1.00,1.00,1.00
1077,10161,10162,1.00,3.00,2.00,1.00,1.00,1.00,1.00
1078,10162,10164,2.00,3.00,1.00,1.00,2.00,1.00,1.00
1079,10164,10166,2.00,3.00,1.00,1.00,2.00,1.00,1.00
1080,10166,10168,2.00,3.00,2.00,1.00,1.00,1.00,1.00
1081,10168,10167,2.00,3.00,2.00,1.00,1.00,1.00,1.00
1082,10167,10170,2.00,3.00,2.00,1.00,1.00,1.00,1.00
1083,10170,10174,1.00,2.00,2.00,1.00,1.00,1.00,1.00
1084,10174,10179,1.00,2.00,2.00,1.00,1.00,1.00,1.00
1085,10179,10183,1.00,2.00,2.00,1.00,1.00,1.00,1.00
1086,10183,10184,1.00,2.00,2.00,1.00,1.00,1.00,1.00
1087,10184,10185,1.00,2.00,2.00,1.00,1.00,1.00,1.00
1088,10135,10132,1.00,3.00,1.00,1.00,2.00,1.00,1.00
1089,10132,10123,1.00,2.00,1.00,1.00,1.00,1.00,1.00
1090,10123,10117,1.00,2.00,1.00,1.00,1.00,1.00,1.00
1091,10117,10116,1.00,3.00,2.00,1.00,1.00,1.00,1.00
1092,10116,10114,1.00,3.00,2.00,1.00,1.00,1.00,1.00
1093,10114,10113,1.00,3.00,2.00,1.00,1.00,1.00,1.00
1094,10113,10111,1.00,3.00,2.00,1.00,1.00,1.00,1.00
1095,10111,10103,1.00,3.00,2.00,1.00,1.00,1.00,1.00
1096,10103,10102,4.00,2.00,2.00,1.00,1.00,1.00,1.00
1097,10102,10101,4.00,2.00,2.00,1.00,1.00,1.00,1.00
1098,10101,10100,4.00,2.00,2.00,1.00,1.00,1.00,1.00
1099,10100,10099,1.00,3.00,2.00,1.00,1.00,1.00,1.00
1100,10099,10093,1.00,3.00,2.00,1.00,1.00,1.00,1.00
1101,10093,10084,1.00,3.00,2.00,1.00,1.00,1.00,1.00
1102,10084,10086,1.00,1.00,1.00,1.00,1.00,2.00,1.00
1103,10086,10094,1.00,1.00,1.00,1.00,1.00,2.00,1.00
1104,10094,10110,1.00,3.00,2.00,1.00,1.00,1.00,1.00
1105,10110,10112,2.00,3.00,2.00,1.00,1.00,2.00,1.00
1106,10112,10127,1.00,3.00,2.00,1.00,1.00,1.00,1.00
1107,10127,10129,8.00,2.00,2.00,1.00,1.00,2.00,1.00
1108,10129,10136,1.00,3.00,2.00,1.00,1.00,1.00,1.00
1109,10136,10139,8.00,3.00,2.00,1.00,2.00,2.00,1.00
1110,10139,10143,1.00,3.00,2.00,1.00,1.00,1.00,1.00
1111,10143,10148,1.00,3.00,2.00,1.00,1.00,1.00,1.00
1112,10148,10149,2.00,3.00,2.00,1.00,1.00,2.00,1.00
1113,10149,10156,1.00,3.00,2.00,1.00,1.00,1.00,1.00
1114,10156,10159,1.00,3.00,2.00,1.00,1.00,1.00,1.00
1115,10159,10165,8.00,2.00,1.00,1.00,1.00,2.00,1.00
1116,10165,10169,8.00,2.00,1.00,1.00,1.00,2.00,1.00
1117,10169,10180,1.00,3.00,2.00,1.00,1.00,1.00,1.00
1118,10180,10182,1.00,3.00,2.00,1.00,1.00,1.00,1.00
1119,10182,10191,1.00,3.00,2.00,1.00,1.00,1.00,1.00
1120,10191,10196,1.00,3.00,2.00,1.00,1.00,1.00,1.00
1121,10196,10204,1.00,3.00,2.00,1.00,1.00,1.00,1.00
1122,10204,10209,1.00,3.00,2.00,1.00,1.00,1.00,1.00
1123,10209,10212,1.00,3.00,2.00,1.00,1.00,1.00,1.00
1124,10212,10217,1.00,3.00,2.00,1.00,1.00,1.00,1.00
1125,10217,10229,1.00,3.00,2.00,1.00,1.00,1.00,1.00
1126,10229,10232,1.00,3.00,2.00,1.00,1.00,1.00,1.00
1127,10232,10233,1.00,3.00,2.00,1.00,1.00,1.00,1.00
1128,10233,10244,1.00,3.00,2.00,1.00,1.00,1.00,1.00
1129,10244,10260,1.00,3.00,2.00,1.00,1.00,1.00,1.00
1130,10260,10274,1.00,3.00,2.00,1.00,2.00,2.00,1.00
1131,10274,10279,1.00,3.00,2.00,1.00,2.00,2.00,1.00
1132,10279,10272,2.00,1.00,1.00,1.00,1.00,1.00,1.00
1133,10272,10268,2.00,1.00,1.00,1.00,1.00,1.00,1.00
1134,10268,10262,2.00,1.00,1.00,1.00,1.00,1.00,1.00
1135,10262,10261,2.00,1.00,1.00,1.00,1.00,1.00,1.00
1136,10261,10257,2.00,1.00,1.00,1.00,1.00,1.00,1.00
1137,10257,10253,2.00,1.00,1.00,1.00,1.00,1.00,1.00
1138,10253,10241,2.00,1.00,1.00,1.00,1.00,1.00,1.00
1139,10241,10239,8.00,1.00,1.00,1.00,1.00,1.00,1.00
1140,10239,10234,2.00,1.00,1.00,1.00,1.00,1.00,1.00
1141,10234,10231,2.00,1.00,1.00,1.00,1.00,1.00,1.00
1142,10231,10228,2.00,1.00,1.00,1.00,1.00,1.00,1.00
1143,10228,10226,2.00,1.00,1.00,1.00,1.00,1.00,1.00
1144,10226,10224,2.00,1.00,1.00,1.00,1.00,1.00,1.00
1145,10224,10225,2.00,1.00,1.00,1.00,1.00,1.00,1.00
1146,10225,10227,2.00,1.00,1.00,1.00,1.00,1.00,1.00
1147,10227,10223,2.00,1.00,1.00,1.00,1.00,1.00,1.00
1148,10223,10222,2.00,1.00,1.00,1.00,1.00,1.00,1.00
1149,10222,10207,2.00,1.00,1.00,1.00,1.00,1.00,1.00
1150,10207,10205,2.00,1.00,1.00,1.00,1.00,1.00,1.00
1151,10205,10202,2.00,1.00,1.00,1.00,1.00,1.00,1.00
1152,10202,10200,2.00,1.00,1.00,1.00,1.00,1.00,1.00
1153,10200,10198,2.00,1.00,1.00,1.00,1.00,1.00,1.00
1154,10198,10192,2.00,1.00,1.00,1.00,1.00,1.00,1.00
1155,10192,10187,2.00,1.00,1.00,1.00,1.00,1.00,1.00
1156,10187,10175,2.00,1.00,1.00,1.00,1.00,1.00,1.00
1157,10271,10231,2.00,1.00,1.00,1.00,1.00,1.00,1.00
1158,10231,10210,2.00,1.00,1.00,1.00,1.00,1.00,1.00
1159,10210,10206,8.00,1.00,1.00,1.00,1.00,1.00,1.00
1160,10206,10165,2.00,1.00,1.00,1.00,1.00,1.00,1.00
1161,10277,10273,2.00,2.00,2.00,1.00,2.00,2.00,1.00
1162,10273,10269,1.00,3.00,2.00,1.00,2.00,2.00,1.00
1163,10269,10266,2.00,2.00,2.00,1.00,2.00,2.00,1.00
1164,10266,10263,1.00,3.00,2.00,1.00,1.00,1.00,1.00
1165,10263,10259,1.00,3.00,2.00,1.00,1.00,1.00,1.00
1166,10259,10254,1.00,3.00,2.00,1.00,1.00,1.00,1.00
1167,10254,10246,1.00,3.00,2.00,1.00,1.00,1.00,1.00
1168,10246,10243,2.00,3.00,2.00,1.00,1.00,2.00,1.00
1169,10243,10230,1.00,3.00,2.00,1.00,1.00,1.00,1.00
1170,10230,10218,1.00,3.00,2.00,1.00,1.00,1.00,1.00
1171,10218,10211,1.00,3.00,2.00,1.00,1.00,1.00,1.00
1172,10211,10208,1.00,3.00,2.00,1.00,1.00,1.00,1.00
1173,10208,10203,1.00,3.00,2.00,1.00,1.00,1.00,1.00
1174,10203,10190,1.00,3.00,2.00,1.00,1.00,1.00,1.00
1175,10190,10186,1.00,3.00,2.00,1.00,1.00,1.00,1.00
1176,10186,10181,1.00,3.00,2.00,1.00,1.00,1.00,1.00
1177,10181,10178,1.00,3.00,2.00,1.00,1.00,1.00,1.00
1178,10178,10163,1.00,3.00,2.00,1.00,1.00,1.00,1.00
1179,10163,10160,1.00,3.00,2.00,1.00,1.00,1.00,1.00
1180,10160,10152,8.00,2.00,1.00,1.00,1.00,2.00,1.00
1721,10597,10619,1.00,1.00,1.00,1.00,1.00,2.00,1.00
1722,10619,10622,8.00,1.00,1.00,1.00,1.00,2.00,1.00
1723,10622,10641,1.00,1.00,1.00,1.00,1.00,2.00,1.00
1724,10641,10653,1.00,1.00,1.00,1.00,1.00,2.00,1.00
1725,10653,10661,1.00,1.00,1.00,1.00,1.00,2.00,1.00
1726,10661,10669,1.00,1.00,1.00,1.00,1.00,2.00,1.00
1727,10564,10595,1.00,1.00,1.00,1.00,1.00,2.00,1.00
1728,10595,10610,8.00,1.00,1.00,1.00,1.00,2.00,1.00
1729,10610,10613,8.00,1.00,1.00,1.00,1.00,2.00,1.00
1730,10613,10618,1.00,1.00,1.00,1.00,1.00,2.00,1.00
1731,10618,10657,1.00,1.00,1.00,1.00,1.00,2.00,1.00
1732,10657,10662,1.00,1.00,1.00,1.00,1.00,2.00,1.00
1733,10597,10618,8.00,3.00,1.00,1.00,1.00,2.00,1.00
1734,10653,10662,8.00,1.00,1.00,1.00,1.00,2.00,1.00
1735,10551,10547,1.00,3.00,1.00,1.00,1.00,1.00,1.00
1736,10547,10544,2.00,1.00,1.00,1.00,1.00,1.00,1.00
1737,10544,10521,2.00,1.00,1.00,1.00,1.00,1.00,1.00
1738,10559,10612,2.00,1.00,2.00,1.00,1.00,1.00,1.00
1739,10612,10633,4.00,1.00,1.00,1.00,1.00,1.00,1.00
1740,10633,10644,2.00,1.00,2.00,1.00,1.00,1.00,1.00
1741,10644,10655,1.00,3.00,2.00,1.00,1.00,1.00,1.00
1742,10655,10663,1.00,3.00,2.00,1.00,1.00,1.00,1.00
1743,10663,10680,1.00,3.00,1.00,1.00,1.00,1.00,1.00
1744,10680,10687,8.00,1.00,1.00,1.00,1.00,2.00,1.00
1745,10687,10702,1.00,3.00,1.00,1.00,1.00,1.00,1.00
1746,10655,10659,8.00,1.00,1.00,1.00,1.00,2.00,1.00
1747,10659,10674,1.00,3.00,1.00,1.00,1.00,1.00,1.00
1748,10674,10682,1.00,3.00,1.00,1.00,1.00,1.00,1.00
1749,10682,10696,1.00,3.00,1.00,1.00,1.00,1.00,1.00
1750,10696,10703,1.00,3.00,1.00,1.00,1.00,1.00,1.00
1751,10680,10682,8.00,1.00,1.00,1.00,1.00,2.00,1.00
1752,10609,10608,1.00,1.00,1.00,1.00,1.00,2.00,1.00
1753,10608,10610,1.00,1.00,1.00,1.00,1.00,2.00,1.00
1754,10277,10284,1.00,3.00,2.00,1.00,1.00,1.00,1.00
1755,10284,10288,1.00,3.00,2.00,1.00,1.00,1.00,1.00
1756,10288,10296,1.00,3.00,2.00,1.00,1.00,1.00,1.00
1757,10296,10301,1.00,3.00,2.00,1.00,1.00,1.00,1.00
1758,10301,10303,1.00,3.00,2.00,1.00,1.00,1.00,1.00
1759,10303,10307,1.00,3.00,2.00,1.00,1.00,1.00,1.00
1760,10307,10325,1.00,3.00,2.00,1.00,1.00,1.00,1.00
1761,10325,10341,1.00,3.00,2.00,1.00,1.00,1.00,1.00
1762,10341,10343,1.00,3.00,2.00,1.00,1.00,1.00,1.00
1763,10343,10345,1.00,2.00,2.00,1.00,1.00,1.00,1.00
1764,10295,10299,2.00,1.00,1.00,1.00,1.00,1.00,1.00
1765,10299,10306,2.00,1.00,1.00,1.00,1.00,1.00,1.00
1766,10306,10317,2.00,1.00,1.00,1.00,1.00,1.00,1.00
1767,10317,10318,8.00,2.00,2.00,1.00,1.00,1.00,1.00
1768,10318,10332,2.00,1.00,1.00,1.00,1.00,1.00,1.00
1769,10279,10281,1.00,3.00,2.00,1.00,2.00,2.00,1.00
1770,10281,10283,1.00,3.00,2.00,1.00,1.00,1.00,1.00
1771,10283,10285,1.00,3.00,2.00,1.00,1.00,1.00,1.00
1772,10285,10298,1.00,3.00,2.00,1.00,1.00,1.00,1.00
1773,10298,10302,1.00,3.00,2.00,1.00,1.00,1.00,1.00
1774,10302,10308,1.00,3.00,2.00,1.00,1.00,1.00,1.00
1775,10308,10829,1.00,3.00,2.00,1.00,1.00,1.00,1.00
1776,10328,10340,8.00,2.00,1.00,1.00,1.00,1.00,1.00
1777,10340,10349,1.00,2.00,1.00,1.00,1.00,1.00,1.00
1778,10349,10361,1.00,2.00,1.00,1.00,1.00,1.00,1.00
1779,10328,10330,1.00,2.00,2.00,1.00,1.00,1.00,1.00
1780,10330,10332,8.00,2.00,1.00,1.00,1.00,1.00,1.00
1781,10332,10335,8.00,2.00,1.00,1.00,1.00,1.00,1.00
1782,10335,10336,2.00,1.00,1.00,1.00,1.00,1.00,1.00
1783,10336,10337,2.00,1.00,1.00,1.00,1.00,1.00,1.00
1784,10337,10339,2.00,2.00,1.00,1.00,1.00,1.00,1.00
1785,10339,10340,2.00,2.00,1.00,1.00,1.00,1.00,1.00
1786,10336,10406,2.00,1.00,1.00,1.00,1.00,1.00,1.00
1787,10406,10413,8.00,2.00,2.00,1.00,1.00,1.00,1.00
1788,10413,10502,2.00,1.00,1.00,1.00,1.00,1.00,1.00
1789,10504,10520,8.00,1.00,1.00,1.00,1.00,2.00,1.00
1790,10514,10526,1.00,3.00,1.00,1.00,1.00,1.00,1.00
1791,10526,10571,1.00,3.00,1.00,1.00,1.00,1.00,1.00
1792,10571,10584,2.00,2.00,2.00,1.00,1.00,1.00,1.00
1793,10584,10591,2.00,2.00,2.00,1.00,1.00,1.00,1.00
1794,10591,10598,2.00,2.00,2.00,1.00,1.00,1.00,1.00
1795,10598,10631,2.00,2.00,1.00,1.00,1.00,1.00,1.00
1796,10631,10652,2.00,2.00,1.00,1.00,1.00,1.00,1.00
1797,10598,10603,8.00,2.00,1.00,1.00,1.00,1.00,1.00
1798,10651,10656,8.00,2.00,1.00,1.00,1.00,1.00,1.00
1799,10375,10417,1.00,1.00,1.00,1.00,1.00,2.00,1.00
1800,10417,10419,8.00,1.00,1.00,1.00,1.00,2.00,1.00
1801,10419,10433,1.00,1.00,1.00,1.00,1.00,2.00,1.00
1802,10433,10440,1.00,1.00,2.00,1.00,1.00,2.00,1.00
1803,10440,10449,1.00,3.00,1.00,1.00,1.00,2.00,1.00
1804,10449,10479,1.00,2.00,1.00,1.00,1.00,2.00,1.00
1805,10383,10400,1.00,1.00,1.00,1.00,1.00,2.00,1.00
1806,10400,10445,1.00,1.00,1.00,1.00,1.00,2.00,1.00
1807,10445,10450,8.00,1.00,1.00,1.00,1.00,2.00,1.00
1808,10450,10454,1.00,3.00,1.00,1.00,1.00,2.00,1.00
1809,10454,10456,8.00,1.00,1.00,1.00,1.00,2.00,1.00
1810,10456,10462,1.00,2.00,1.00,1.00,1.00,2.00,1.00
1811,10462,10471,1.00,2.00,1.00,1.00,1.00,2.00,1.00
1812,10471,10503,1.00,1.00,1.00,1.00,1.00,2.00,1.00
1813,10438,10439,6.00,3.00,1.00,1.00,1.00,1.00,1.00
1814,10439,10443,6.00,3.00,1.00,1.00,1.00,1.00,1.00
1815,10443,10444,6.00,3.00,1.00,1.00,1.00,1.00,1.00
1816,10444,10446,6.00,3.00,1.00,1.00,1.00,1.00,1.00
1817,10507,10511,8.00,1.00,1.00,1.00,1.00,1.00,1.00
1818,10511,10516,8.00,1.00,1.00,1.00,1.00,1.00,1.00
1819,10516,10517,8.00,1.00,1.00,1.00,1.00,1.00,1.00
1820,10517,10519,8.00,1.00,1.00,1.00,1.00,1.00,1.00
1821,10443,10460,2.00,1.00,1.00,1.00,1.00,1.00,1.00
1822,10460,10470,2.00,1.00,1.00,1.00,1.00,1.00,1.00
1823,10470,10477,2.00,1.00,1.00,1.00,1.00,1.00,1.00
1824,10477,10482,2.00,1.00,1.00,1.00,1.00,1.00,1.00
1825,10482,10488,2.00,1.00,1.00,1.00,1.00,1.00,1.00
1826,10488,10498,2.00,1.00,1.00,1.00,1.00,1.00,1.00
1827,10498,10511,2.00,1.00,1.00,1.00,1.00,1.00,1.00
1828,10378,10381,1.00,3.00,1.00,1.00,1.00,1.00,1.00
1829,10381,10408,1.00,3.00,1.00,1.00,1.00,1.00,1.00
1830,10408,10411,1.00,3.00,1.00,1.00,1.00,1.00,1.00
1831,10411,10421,1.00,3.00,1.00,1.00,1.00,1.00,1.00
1832,10421,10426,2.00,2.00,1.00,1.00,1.00,1.00,1.00
1833,10426,10428,2.00,2.00,1.00,1.00,1.00,1.00,1.00
1834,10428,10495,2.00,1.00,1.00,1.00,1.00,1.00,1.00
1835,10495,10508,1.00,3.00,1.00,1.00,1.00,1.00,1.00
1836,10507,10508,8.00,1.00,1.00,1.00,1.00,1.00,1.00
1837,10508,10512,8.00,1.00,1.00,1.00,1.00,1.00,1.00
1838,10512,10515,8.00,1.00,1.00,1.00,1.00,1.00,1.00
1839,10515,10519,8.00,1.00,1.00,1.00,1.00,1.00,1.00
1840,10570,10569,8.00,2.00,1.00,1.00,1.00,1.00,1.00
1841,10569,10567,8.00,2.00,1.00,1.00,1.00,1.00,1.00
1842,10561,10562,8.00,2.00,1.00,1.00,1.00,1.00,1.00
1843,10562,10563,8.00,2.00,1.00,1.00,1.00,1.00,1.00
1844,10565,10567,8.00,2.00,1.00,1.00,1.00,1.00,1.00
1845,10563,10566,2.00,2.00,1.00,1.00,1.00,1.00,1.00
1846,10566,10570,2.00,2.00,1.00,1.00,1.00,1.00,1.00
1847,10515,10565,2.00,1.00,1.00,1.00,1.00,1.00,1.00
1848,10566,10630,2.00,1.00,1.00,1.00,1.00,1.00,1.00
1849,10630,10636,2.00,1.00,1.00,1.00,1.00,1.00,1.00
1850,10636,10660,2.00,1.00,1.00,1.00,1.00,1.00,1.00
1851,10660,10652,2.00,2.00,1.00,1.00,1.00,1.00,1.00
1852,10632,10636,8.00,1.00,1.00,1.00,1.00,1.00,1.00
1853,10636,10640,8.00,1.00,1.00,1.00,1.00,1.00,1.00
1854,10640,10635,8.00,1.00,1.00,1.00,1.00,1.00,1.00
1855,10635,10630,8.00,1.00,1.00,1.00,1.00,1.00,1.00
1856,10630,10625,8.00,1.00,1.00,1.00,1.00,1.00,1.00
1857,10427,10430,8.00,1.00,1.00,1.00,1.00,2.00,1.00
1858,10430,10431,8.00,1.00,1.00,1.00,1.00,2.00,1.00
1859,10431,10432,8.00,1.00,1.00,1.00,1.00,2.00,1.00
1860,10432,10429,8.00,1.00,1.00,1.00,1.00,2.00,1.00
1861,10499,10497,4.00,3.00,2.00,2.00,2.00,2.00,1.00
1862,10497,10494,8.00,3.00,1.00,2.00,2.00,2.00,1.00
1863,10494,10490,8.00,3.00,1.00,2.00,2.00,2.00,1.00
1864,10490,10493,4.00,3.00,2.00,2.00,2.00,2.00,1.00
1865,10514,10509,4.00,3.00,2.00,2.00,2.00,2.00,1.00
1866,10509,10505,8.00,3.00,1.00,2.00,2.00,2.00,1.00
1867,10505,10501,8.00,3.00,1.00,2.00,2.00,2.00,1.00
1868,10501,10503,4.00,3.00,2.00,2.00,2.00,2.00,1.00
1869,10494,10505,8.00,3.00,1.00,2.00,2.00,2.00,1.00
1870,10810,10811,8.00,1.00,1.00,1.00,1.00,1.00,1.00
1871,10811,10812,8.00,1.00,1.00,1.00,1.00,1.00,1.00
1872,10812,10817,2.00,1.00,1.00,1.00,1.00,1.00,1.00
1873,10719,10733,2.00,1.00,2.00,1.00,1.00,1.00,1.00
1874,10733,10738,4.00,1.00,1.00,1.00,1.00,1.00,1.00
1875,10738,10742,2.00,1.00,2.00,1.00,1.00,1.00,1.00
1876,10742,10747,2.00,1.00,1.00,1.00,1.00,1.00,1.00
1877,10747,10748,2.00,1.00,1.00,1.00,1.00,1.00,1.00
1878,10748,10740,2.00,1.00,1.00,1.00,1.00,1.00,1.00
1879,10740,10727,2.00,1.00,1.00,1.00,1.00,1.00,1.00
1880,10727,10724,2.00,1.00,1.00,1.00,1.00,1.00,1.00
1881,10724,10728,2.00,1.00,1.00,1.00,1.00,1.00,1.00
1882,10728,10721,2.00,1.00,1.00,1.00,1.00,1.00,1.00
1883,10721,10726,1.00,3.00,1.00,1.00,1.00,1.00,1.00
1884,10726,10731,1.00,3.00,1.00,1.00,1.00,1.00,1.00
1885,10702,10723,1.00,3.00,1.00,1.00,1.00,1.00,1.00
1886,10723,10731,8.00,1.00,1.00,1.00,1.00,2.00,1.00
1887,10731,10754,8.00,1.00,1.00,1.00,1.00,2.00,1.00
1888,10754,10766,1.00,3.00,1.00,1.00,1.00,1.00,1.00
1889,10766,10777,1.00,3.00,1.00,1.00,1.00,1.00,1.00
1890,10777,10783,1.00,3.00,1.00,1.00,1.00,1.00,1.00
1891,10783,10789,1.00,3.00,1.00,1.00,1.00,1.00,1.00
1892,10789,10793,1.00,3.00,1.00,1.00,1.00,1.00,1.00
1893,10793,10801,1.00,3.00,1.00,1.00,1.00,1.00,1.00
1894,10801,10804,8.00,1.00,1.00,1.00,1.00,2.00,1.00
1895,10804,10808,1.00,3.00,1.00,1.00,1.00,1.00,1.00
1896,10801,10803,8.00,1.00,1.00,1.00,1.00,2.00,1.00
1897,10723,10725,8.00,1.00,1.00,1.00,1.00,2.00,1.00
1898,10754,10756,8.00,1.00,1.00,1.00,1.00,2.00,1.00
1899,10703,10725,1.00,3.00,1.00,1.00,1.00,1.00,1.00
1900,10725,10737,8.00,1.00,1.00,1.00,1.00,2.00,1.00
1901,10737,10745,8.00,1.00,1.00,1.00,1.00,2.00,1.00
1902,10745,10756,1.00,3.00,1.00,1.00,1.00,1.00,1.00
1903,10756,10763,1.00,3.00,1.00,1.00,1.00,1.00,1.00
1904,10763,10779,1.00,3.00,1.00,1.00,1.00,1.00,1.00
1905,10779,10782,1.00,3.00,1.00,1.00,1.00,1.00,1.00
1906,10782,10788,1.00,3.00,1.00,1.00,1.00,1.00,1.00
1907,10788,10796,1.00,3.00,1.00,1.00,1.00,1.00,1.00
1908,10796,10803,1.00,3.00,1.00,1.00,1.00,1.00,1.00
1909,10803,10809,1.00,3.00,1.00,1.00,1.00,1.00,1.00
1910,10737,10743,2.00,1.00,1.00,1.00,1.00,1.00,1.00
1911,10743,10744,2.00,1.00,1.00,1.00,1.00,1.00,1.00
1912,10744,10739,2.00,1.00,1.00,1.00,1.00,1.00,1.00
1913,10739,10730,2.00,1.00,1.00,1.00,1.00,1.00,1.00
1914,10730,10732,2.00,1.00,1.00,1.00,1.00,1.00,1.00
1915,10732,10736,2.00,1.00,1.00,1.00,1.00,1.00,1.00
1916,10736,10753,2.00,1.00,1.00,1.00,1.00,1.00,1.00
1917,10753,10755,2.00,1.00,1.00,1.00,1.00,1.00,1.00
1918,10755,10750,2.00,1.00,1.00,1.00,1.00,1.00,1.00
1919,10750,10734,2.00,1.00,1.00,1.00,1.00,1.00,1.00
1920,10734,10722,2.00,1.00,1.00,1.00,1.00,1.00,1.00
1921,10722,10735,2.00,1.00,1.00,1.00,1.00,1.00,1.00
1922,10735,10757,2.00,1.00,1.00,1.00,1.00,1.00,1.00
1923,10757,10761,2.00,1.00,1.00,1.00,1.00,1.00,1.00
1924,10761,10768,2.00,1.00,1.00,1.00,1.00,1.00,1.00
1925,10729,10735,8.00,1.00,1.00,1.00,1.00,1.00,1.00
1926,10735,10741,8.00,1.00,1.00,1.00,1.00,1.00,1.00
1927,10778,10787,1.00,3.00,1.00,1.00,1.00,1.00,1.00
1928,10787,10792,1.00,3.00,1.00,1.00,1.00,1.00,1.00
1929,10275,10270,8.00,2.00,2.00,1.00,1.00,2.00,1.00
1930,10175,10176,2.00,1.00,1.00,1.00,1.00,1.00,1.00
1931,10176,10177,1.00,1.00,1.00,1.00,1.00,1.00,1.00
1932,10631,10651,2.00,1.00,1.00,1.00,1.00,1.00,1.00
1933,10372,10374,8.00,2.00,1.00,1.00,1.00,2.00,1.00
1934,10387,10389,8.00,2.00,1.00,1.00,1.00,2.00,1.00
1935,10532,10529,8.00,2.00,1.00,1.00,1.00,2.00,1.00
1936,10787,10784,8.00,3.00,1.00,1.00,1.00,1.00,1.00
1937,10561,10565,8.00,2.00,1.00,1.00,1.00,1.00,1.00
1938,10827,10290,8.00,1.00,1.00,1.00,1.00,1.00,1.00
1939,10290,10828,8.00,1.00,1.00,1.00,1.00,1.00,1.00
1940,10829,10328,1.00,2.00,2.00,1.00,1.00,1.00,1.00
1941,10328,10325,8.00,2.00,1.00,1.00,1.00,1.00,1.00
1942,10594,10830,2.00,1.00,2.00,1.00,1.00,1.00,1.00
